"","X.1","Volume..micron.3.","Surface..micron.2.","Nb.of.obj..voxels","Nb.of.surf..voxels","IntDen","Mean","StdDev","Median","Min","Max","X","Y","Z","Mean.dist..to.surf...micron.","SD.dist..to.surf...micron.","Median.dist..to.surf...micron.","XM","YM","ZM","BX","BY","BZ","B.width","B.height","B.depth","boolw","boolhalf"
"1",1,11.523,38.961,70,59,2561104,36587.199,18454.037,36383,12872,65535,366.4,54.371,4.029,1.279,0.367,1.196,366.389,54.272,4.034,364,53,2,7,4,5,TRUE,TRUE
"2",2,34.898,79.849,212,138,7519044,35467.188,18635.744,29876.5,12440,65535,372.476,72.75,3.665,1.788,0.243,1.785,372.405,72.738,3.701,368,69,2,10,9,5,TRUE,TRUE
"3",3,61.401,129.15,373,231,12542316,33625.512,18746.219,25943,12491,65535,400.614,89.327,3.973,2.2,0.394,2.179,401.002,89.246,3.988,394,83,2,13,13,5,TRUE,TRUE
"4",4,40.824,96.159,248,153,9584292,38646.34,20279.244,32546,12641,65535,323.827,113.153,4.052,2.052,0.458,2.092,323.822,113.211,4.071,319,109,2,11,10,5,TRUE,FALSE
"5",5,46.421,98.468,282,158,10569250,37479.609,19618.895,33931.5,12451,65535,445.277,159.319,4.617,2.082,0.348,2.052,445.303,159.263,4.601,441,155,2,10,10,6,FALSE,FALSE
"6",6,24.692,65.989,150,115,4396468,29309.787,13458.819,26527,12489,64925,433.287,210.587,3.9,1.565,0.347,1.549,433.306,210.681,3.876,430,206,2,8,11,4,TRUE,TRUE
"7",7,37.861,89.952,230,150,8161149,35483.258,18433.131,30597.5,12450,65535,317.383,246.552,4.343,1.881,0.362,1.927,317.439,246.448,4.31,312,242,2,11,10,5,FALSE,FALSE
"8",8,24.528,65.644,149,107,4769558,32010.457,16062.619,28771,12661,65535,445.919,251.369,3.872,1.548,0.332,1.526,445.851,251.383,3.905,442,247,2,9,10,4,FALSE,FALSE
"9",9,43.623,92.086,265,176,8541517,32232.139,15844.423,28385,12516,65535,429.559,342.291,3.751,1.905,0.365,1.885,429.551,342.362,3.799,424,337,2,12,11,4,FALSE,FALSE
"10",10,23.046,63.784,140,103,4625291,33037.793,16577.545,28816.5,12705,65535,427.107,351.986,4.15,1.583,0.327,1.628,427.096,351.93,4.126,424,348,2,8,9,5,FALSE,FALSE
"11",11,29.795,78.022,181,130,5900857,32601.42,16739.717,29185,12587,65535,308.564,411.624,4.193,1.711,0.372,1.675,308.43,411.659,4.201,304,408,2,12,8,5,FALSE,FALSE
"12",12,33.252,76.747,202,123,7427387,36769.242,20046.521,32794,12443,65535,313.851,427.149,3.975,1.816,0.262,1.831,313.974,427.081,4.008,310,424,2,9,8,5,TRUE,FALSE
"13",13,32.923,79.471,200,129,7239670,36198.352,19342.209,31172.5,12487,65535,343.58,434.305,4.64,1.808,0.337,1.769,343.501,434.292,4.595,339,431,2,10,7,6,TRUE,FALSE
"14",14,31.277,75.609,190,124,6645153,34974.488,17685.48,30657.5,12471,65535,397.926,448.316,3.968,1.753,0.269,1.731,397.888,448.252,4.013,394,445,2,9,8,5,FALSE,FALSE
"15",15,23.869,63.128,145,103,4373816,30164.248,14730.73,27132,12510,65535,341.455,471.303,4.179,1.565,0.306,1.546,341.47,471.057,4.172,337,468,2,10,8,5,TRUE,FALSE
"16",16,47.573,127.085,289,192,10325632,35728.832,18917.992,32380,12451,65535,294.059,483.606,4.125,2.279,0.721,2.271,294.123,483.435,4.121,290,477,2,11,16,5,FALSE,FALSE
"17",17,17.12,50.268,104,81,3305142,31780.211,13963.884,29477.5,12504,65535,445.644,489,3.942,1.375,0.28,1.348,445.679,489.012,3.964,443,485,2,6,9,4,FALSE,FALSE
"18",18,17.12,61.404,104,91,2547836,24498.424,9608.408,23754.5,12526,48355,422.49,490.692,3.49,1.365,0.344,1.371,422.396,490.739,3.51,419,487,2,9,9,4,TRUE,TRUE
"19",19,26.503,69.713,161,108,5445548,33823.281,17447.125,28911,12509,65535,399.081,495.547,3.826,1.636,0.267,1.645,399.02,495.68,3.869,396,491,2,8,10,5,TRUE,FALSE
"20",20,19.095,57.439,116,92,3158812,27231.139,12869.084,23722.5,12766,65535,289.233,518.026,3.81,1.484,0.361,1.454,289.185,518.133,3.789,287,513,2,6,10,4,FALSE,FALSE
"21",21,20.906,57.784,127,101,4034130,31764.803,14306.461,29327,12571,65535,438.929,518.929,4.031,1.52,0.398,1.495,439.089,518.781,4.042,436,514,2,7,11,4,FALSE,FALSE
"22",22,24.692,68.127,150,107,4545564,30303.76,14565.087,27321.5,12542,65535,462.467,554.66,3.967,1.56,0.274,1.525,462.4,554.609,3.965,459,551,2,8,9,5,FALSE,FALSE
"23",23,60.084,136.568,365,215,11940732,32714.334,17359.338,27185,12454,65535,321.312,559.477,6.57,2.735,0.957,2.787,321.383,559.526,6.425,315,556,2,13,8,10,FALSE,FALSE
"24",24,27.82,71.607,169,135,3964431,23458.172,8788.826,21387,12518,47842,351.97,569.905,3.793,1.578,0.334,1.632,351.981,569.824,3.75,347,566,2,11,10,4,FALSE,FALSE
"25",25,26.667,79.986,162,135,4040095,24938.857,9893.932,22474.5,12786,52367,390.636,579.426,3.747,1.806,0.693,1.793,390.52,579.458,3.706,385,574,2,12,12,4,TRUE,FALSE
"26",26,52.183,108.845,317,191,11570546,36500.145,18637.24,33955,12554,65535,368.164,609.912,4.022,2.119,0.397,2.105,368.193,609.942,4.023,362,605,2,13,11,5,TRUE,FALSE
"27",27,35.557,86.123,216,157,7095306,32848.641,15118.482,31163.5,12488,65535,248.394,649.491,4,1.759,0.4,1.775,248.335,649.401,3.999,242,646,2,13,8,5,TRUE,TRUE
"28",28,24.528,62.438,149,105,5025193,33726.129,17468.695,28475,12500,65535,314.416,84.98,4.295,1.579,0.239,1.593,314.422,84.954,4.255,310,82,3,9,7,4,TRUE,TRUE
"29",29,48.561,104.776,295,186,9968340,33790.984,17038.479,29106,12503,65535,286.79,86.22,5.176,1.994,0.332,2.02,286.718,86.12,5.189,282,82,3,11,11,5,FALSE,FALSE
"30",30,25.351,69.265,154,116,4834157,31390.629,14496.192,26599.5,12525,65535,347.519,97.279,4.182,1.672,0.436,1.691,347.58,97.135,4.237,344,92,3,8,12,4,TRUE,TRUE
"31",31,15.145,45.51,92,74,2198237,23893.881,9071.393,21092,12478,51594,370.804,95.826,4.174,1.323,0.294,1.289,370.89,95.943,4.207,368,92,3,6,9,3,TRUE,TRUE
"32",32,32.264,75.988,196,135,6508756,33207.938,17212.531,28382.5,12511,65535,318.908,99.077,4.286,1.765,0.328,1.763,319.006,99.072,4.269,314,94,3,10,11,4,TRUE,TRUE
"33",33,20.412,54.267,124,99,4035114,32541.242,14208.586,30913,12438,65535,281.556,134.637,4.024,1.448,0.313,1.45,281.525,134.557,4.042,279,130,3,7,10,3,TRUE,FALSE
"34",34,10.865,40.477,66,56,1511764,22905.516,8280.732,20791,12474,43691,362.712,146,4.576,1.155,0.308,1.166,362.628,146.031,4.571,360,144,3,7,5,4,TRUE,FALSE
"35",35,24.528,62.164,149,92,5519043,37040.559,20363.453,27946,12636,65535,347.349,151.664,4.799,1.703,0.328,1.683,347.344,151.701,4.785,344,149,3,8,7,5,FALSE,FALSE
"36",36,38.355,83.296,233,151,8131215,34897.918,17926.977,26209,12585,65535,367.12,158.348,4.511,1.83,0.242,1.8,367.156,158.314,4.508,362,154,3,11,10,4,TRUE,TRUE
"37",37,19.26,53.303,117,83,4354944,37221.742,19124.41,33593,12766,65535,330.051,158.128,4.624,1.531,0.293,1.552,330.017,158.158,4.615,327,155,3,7,7,5,TRUE,FALSE
"38",38,24.034,61.23,146,112,3884095,26603.391,11689.486,23465,12504,60680,354.178,200.5,3.945,1.512,0.32,1.486,354.214,200.493,3.904,350,196,3,9,10,3,TRUE,TRUE
"39",39,22.717,61.679,138,107,3627863,26288.863,12195.055,23467.5,12442,64725,391.036,204.565,4.297,1.484,0.309,1.502,391.202,204.739,4.328,388,200,3,8,9,4,TRUE,FALSE
"40",40,21.4,60.99,130,105,3262536,25096.432,8993.474,22681.5,12558,53243,388.823,226.831,4.031,1.498,0.382,1.421,388.799,226.87,4.053,385,222,3,7,11,3,TRUE,FALSE
"41",41,29.631,73.264,180,125,5114039,28411.328,12418.637,25007,12462,61791,294.561,255.544,4.422,1.65,0.273,1.649,294.491,255.479,4.441,291,251,3,9,10,5,FALSE,FALSE
"42",42,36.544,86.294,222,167,6129061,27608.383,12457.942,23729.5,12457,64393,431.365,293.194,4.023,1.765,0.41,1.775,431.273,292.952,4.049,427,288,3,10,12,4,TRUE,FALSE
"43",43,14.157,45.958,86,73,1994708,23194.279,8698.312,20983.5,12645,44141,360.942,293.872,4.035,1.286,0.29,1.271,361.057,294.039,4.104,358,290,3,7,9,3,TRUE,TRUE
"44",44,11.852,38.097,72,59,1739768,24163.445,8910.097,22393.5,12722,47950,467.347,298.889,4.056,1.194,0.203,1.195,467.381,298.969,4.079,464,296,3,7,6,3,TRUE,FALSE
"45",45,33.417,85.779,203,148,5759842,28373.605,13464.092,24862,12482,61042,385.202,317.177,4.187,1.789,0.51,1.855,385.362,317.509,4.181,381,311,3,9,13,4,TRUE,FALSE
"46",46,13.169,42.545,80,63,1898104,23726.301,9052.442,21746,12779,46777,465.125,329.062,3.925,1.253,0.215,1.249,465.135,329.115,3.951,462,325,3,7,8,3,TRUE,FALSE
"47",47,34.24,90.156,208,162,4999368,24035.424,9542.173,20797.5,12572,54454,315.74,334.111,3.976,1.914,0.677,1.705,315.553,334.389,3.931,311,327,3,10,15,3,FALSE,FALSE
"48",48,43.623,105.95,265,170,9063219,34200.828,18639.08,28311,12458,65535,357.291,346.732,5.423,2.121,0.547,2.089,357.148,346.766,5.408,354,341,3,8,15,6,FALSE,FALSE
"49",49,24.528,62.335,149,104,4524111,30363.16,14952.691,27274,12483,65535,394.779,358.685,5.201,1.563,0.218,1.558,394.845,358.55,5.158,391,355,3,8,8,5,TRUE,FALSE
"50",50,24.528,64.918,149,139,3328735,22340.504,6202.579,22035,12512,45251,330.262,390.658,3.617,1.49,0.473,1.527,330.295,390.732,3.618,327,385,3,8,12,3,TRUE,TRUE
"51",51,13.663,41.648,83,71,1973015,23771.266,9513.339,22008,12540,53191,353.916,397.53,3.747,1.223,0.248,1.25,353.906,397.578,3.717,350,395,3,9,6,3,FALSE,FALSE
"52",52,17.449,60.611,106,93,2392880,22574.34,8496.371,20709,12500,48554,462.236,393.632,4.443,1.767,0.749,1.769,462.279,393.479,4.449,460,387,3,6,15,4,FALSE,FALSE
"53",53,35.392,101.121,215,161,5341891,24846.004,10708.483,20899,12511,53738,392.958,407.154,4.33,1.938,0.547,1.931,392.718,406.904,4.382,387,402,3,13,12,4,FALSE,FALSE
"54",54,7.078,31.064,43,43,706654,16433.814,2666.411,16124,12478,21972,384.163,459.395,3.628,1.039,0.384,0.979,384.162,459.389,3.63,382,455,3,6,9,2,FALSE,FALSE
"55",55,20.248,53.37,123,94,3014747,24510.139,8889.424,21245,12754,45955,441.276,468.098,4.106,1.422,0.262,1.408,441.2,467.992,4.174,438,464,3,7,9,4,FALSE,FALSE
"56",56,9.712,34.34,59,50,1676840,28421.018,13997.179,25592,12639,65535,396.322,505.034,3.932,1.118,0.204,1.131,396.305,505.073,3.868,394,502,3,5,7,3,TRUE,TRUE
"57",57,61.401,172.143,373,280,9737338,26105.463,13537.223,21593,12502,65535,417.724,513.904,4.174,2.89,1.025,2.857,416.94,514.416,4.244,408,502,3,20,19,4,TRUE,FALSE
"58",58,28.807,70.988,175,120,5040860,28804.914,14236.955,23937,12459,64451,476.851,511.886,4.417,1.67,0.252,1.676,476.933,511.908,4.438,473,508,3,10,9,4,FALSE,FALSE
"59",59,7.737,36.304,47,47,765544,16288.17,3066.277,15417,12689,26460,310.851,532.191,3.702,1.098,0.425,1.059,310.885,532.158,3.723,307,530,3,10,6,2,FALSE,FALSE
"60",60,21.729,57.128,132,106,3556168,26940.666,11601.469,23579,12859,65535,296.485,563.894,3.924,1.452,0.294,1.435,296.505,563.681,3.952,292,560,3,10,8,4,TRUE,FALSE
"61",61,19.424,61.438,118,102,2615379,22164.229,6958.534,22258.5,12437,38778,464.678,565.746,3.746,1.469,0.44,1.436,464.724,565.71,3.707,460,562,3,10,9,3,FALSE,FALSE
"62",62,23.375,62.405,142,96,4963503,34954.246,19137.428,29426,12481,65535,366.704,567.049,5.317,1.639,0.318,1.636,366.609,567.096,5.309,363,564,3,8,7,5,FALSE,FALSE
"63",63,15.968,47.855,97,70,3101148,31970.598,16867.244,28907,12491,65535,406.948,574.557,4.371,1.386,0.227,1.382,406.852,574.559,4.342,404,572,3,7,6,4,TRUE,TRUE
"64",64,5.761,39.202,35,35,509992,14571.2,1844.197,14316,12467,18962,268.686,584.486,3.571,1.129,0.369,1.081,268.676,584.45,3.573,265,581,3,8,9,2,TRUE,TRUE
"65",65,18.437,56.542,112,92,2846627,25416.312,10320.063,23183.5,12583,50990,434.991,600.08,4.321,1.368,0.306,1.376,435.126,600.056,4.348,431,597,3,9,8,4,FALSE,FALSE
"66",66,11.852,55.853,72,72,1191363,16546.709,3266.207,15975.5,12499,26400,267.444,602.736,3.778,1.272,0.522,1.19,267.397,602.737,3.774,263,599,3,10,9,4,TRUE,FALSE
"67",67,35.557,82.192,216,166,5707875,26425.348,9715.428,24141,12501,54660,324.625,622.324,3.981,1.802,0.514,1.774,324.651,622.396,3.974,320,616,3,10,14,3,TRUE,TRUE
"68",68,15.638,62.92,95,95,1552723,16344.452,3224.984,15277,12550,25976,266.274,625.474,3.537,1.345,0.49,1.328,266.149,625.617,3.562,262,622,3,13,8,2,TRUE,TRUE
"69",69,16.626,58.162,101,96,1738768,17215.525,3790.946,16428,12476,26160,266.436,641.951,4.366,1.344,0.478,1.313,266.416,641.875,4.321,263,638,3,10,8,3,TRUE,FALSE
"70",70,14.157,51.75,86,76,1811514,21064.117,6370.965,19801.5,12455,37699,370.477,652.651,4.221,1.447,0.52,1.427,370.475,652.789,4.23,368,648,3,6,11,3,FALSE,FALSE
"71",71,14.321,45.613,87,69,1765051,20287.943,6915.309,17520,12451,39400,259.839,660.034,4.103,1.279,0.229,1.252,259.783,660.022,4.098,256,657,3,8,7,3,FALSE,FALSE
"72",72,13.828,44.854,84,79,1480532,17625.381,4273.819,16597.5,12470,33796,400.595,683.952,4.357,1.182,0.344,1.211,400.697,683.919,4.356,397,681,3,9,7,3,FALSE,FALSE
"73",73,12.675,42.545,77,68,1714515,22266.428,7044.189,21614,12487,39663,295.208,687.338,4.325,1.226,0.33,1.207,295.221,687.516,4.35,293,683,3,6,9,3,TRUE,FALSE
"74",74,20.412,59.644,124,105,2731351,22027.023,7410.006,19880,12488,43257,283.347,696.065,4.21,1.476,0.421,1.413,283.519,696.119,4.235,278,693,3,12,7,3,TRUE,TRUE
"75",75,20.577,57.784,125,97,3455014,27640.111,12509.004,24102,12464,58121,291.68,699.912,4.304,1.448,0.269,1.44,291.587,700.013,4.327,289,696,3,7,9,4,TRUE,FALSE
"76",76,55.64,146.701,338,250,9988065,29550.488,15499.581,25159,12552,65535,340.843,707.858,6.13,2.487,0.859,2.596,340.526,707.493,6.432,336,701,3,12,16,7,FALSE,FALSE
"77",77,15.309,54.404,93,84,1692032,18193.893,5166.182,16539,12481,34250,389.054,729.043,4.226,1.298,0.351,1.305,389.181,729.005,4.203,384,725,3,10,9,3,FALSE,FALSE
"78",78,18.437,55.197,112,90,2436664,21755.928,7912.115,19499,12485,46154,369.393,734.304,4,1.426,0.334,1.396,369.435,734.125,4.005,366,730,3,7,10,3,FALSE,FALSE
"79",79,24.528,72.297,149,142,3447512,23137.664,6248.859,23240,12440,39897,354.295,732.745,4.51,1.683,0.621,1.709,354.209,732.774,4.512,348,730,3,14,7,4,TRUE,TRUE
"80",80,28.149,73.471,171,122,5665359,33130.754,16441.865,30014,12561,65535,313.351,742.246,4.269,1.692,0.38,1.709,313.284,742.248,4.258,309,738,3,9,10,4,TRUE,FALSE
"81",81,4.609,25.03,28,27,463447,16551.678,3313.779,16606,12708,22308,367.857,744.929,4,0.872,0.318,0.931,367.874,744.969,4.003,365,743,3,7,5,3,TRUE,TRUE
"82",82,12.181,46.406,74,67,1723258,23287.27,8957.377,20634,12443,42913,375.365,773.784,4.568,1.246,0.402,1.214,375.277,773.75,4.56,372,770,3,8,9,4,FALSE,FALSE
"83",83,28.314,77.055,172,132,3560182,20698.732,6468.861,19206.5,12439,38886,383.436,805.785,3.965,1.596,0.38,1.573,383.484,805.751,3.941,379,801,3,10,11,3,TRUE,TRUE
"84",84,24.198,65.54,147,112,3875824,26366.15,10372.449,23356,12659,54497,279.98,158.102,5.129,1.543,0.363,1.521,280.009,158.18,5.151,276,154,4,9,10,4,FALSE,FALSE
"85",85,70.784,159.179,430,291,12395063,28825.729,14694.27,23734,12498,65535,335.047,190.7,7.128,2.729,0.97,2.829,335.29,190.193,7.279,328,184,4,16,18,7,TRUE,FALSE
"86",86,27.161,64.818,165,111,6019453,36481.535,18901.99,31298,12572,65535,377.218,273.036,5.467,1.674,0.276,1.689,377.255,273.006,5.471,373,270,4,9,7,5,FALSE,FALSE
"87",87,63.047,141.461,383,257,12104213,31603.689,17759.494,24107,12486,65535,474.467,302.162,7.765,2.521,0.854,2.509,474.726,301.26,7.307,469,296,4,10,15,8,FALSE,FALSE
"88",88,2.469,16.273,15,15,220068,14671.2,1484.387,14511,12519,17665,301.867,360.8,4.933,0.824,0.384,0.832,301.9,360.791,4.937,300,358,4,4,7,2,FALSE,FALSE
"89",89,20.741,58.44,126,92,3666745,29101.15,14344.336,27202.5,12467,65535,288.333,390.357,6.159,1.483,0.258,1.479,288.331,390.338,6.113,285,387,4,7,8,5,FALSE,FALSE
"90",90,10.206,36.511,62,55,1459878,23546.42,8505.55,21840,12543,43582,428.806,393.871,4.694,1.095,0.251,1.105,428.859,393.869,4.678,425,391,4,8,6,3,FALSE,FALSE
"91",91,30.124,87.813,183,145,4571051,24978.42,9860.628,22531,12444,55798,434.973,424.645,5.366,1.826,0.6,1.909,434.947,424.878,5.394,431,418,4,9,13,4,FALSE,FALSE
"92",92,22.058,58.44,134,100,3332395,24868.619,8890.528,23569,12532,45576,408.067,424.396,5.776,1.533,0.309,1.533,408.033,424.434,5.802,404,422,4,10,6,4,FALSE,FALSE
"93",93,17.449,54.441,106,81,2887127,27237.047,11738.854,23305.5,12695,59735,409.113,431.132,5.519,1.48,0.351,1.524,408.977,431.261,5.455,405,428,4,9,7,4,FALSE,FALSE
"94",94,8.395,35.133,51,45,919742,18034.156,5415.644,15864,12466,38855,483.235,481.941,4.98,1.049,0.254,1.089,483.26,481.928,4.976,481,480,4,6,5,3,FALSE,FALSE
"95",95,6.585,31.616,40,40,647160,16179,2508.113,15844,12638,22679,476.625,488.775,4.625,0.988,0.246,1.013,476.607,488.82,4.64,474,486,4,6,6,2,FALSE,FALSE
"96",96,20.906,62.78,127,127,2254509,17752.039,4169.197,16564,12495,30181,316.323,495.512,4.551,1.673,0.755,1.575,316.329,495.643,4.574,310,490,4,15,10,2,TRUE,TRUE
"97",97,23.869,65.092,145,111,3681064,25386.648,10576.744,23135,12464,56071,333.428,509.676,5.297,1.524,0.273,1.545,333.486,509.813,5.287,329,506,4,10,8,4,TRUE,TRUE
"98",98,13.828,50.509,84,69,1644282,19574.785,6078.472,17259.5,12724,35764,359.893,531.893,4.869,1.33,0.37,1.262,359.867,531.928,4.871,356,528,4,9,9,3,TRUE,TRUE
"99",99,11.029,45.854,67,61,1250414,18662.896,5276.239,17706,12504,39792,420.418,544.045,5.149,1.17,0.344,1.2,420.489,543.943,5.135,417,541,4,7,7,3,TRUE,FALSE
"100",100,15.145,45.51,92,77,2213463,24059.381,9066.701,21732,12649,46628,404.13,549.435,4.826,1.318,0.311,1.32,404.081,549.467,4.78,401,546,4,8,7,3,TRUE,TRUE
"101",101,11.852,40.718,72,58,1467662,20384.195,6758.57,17977.5,12623,45290,427.736,550.153,4.958,1.203,0.197,1.208,427.829,550.065,4.976,425,547,4,7,8,3,TRUE,FALSE
"102",102,25.515,77.918,155,123,3433693,22152.857,7446.872,20993,12636,46158,389.723,619.994,5.065,1.881,0.725,1.785,389.936,619.921,5.103,382,617,4,16,7,4,FALSE,FALSE
"103",103,19.918,56.542,121,98,3321460,27450.082,12375.696,25559,12759,64615,446.579,622.322,4.934,1.446,0.34,1.444,446.488,622.178,4.907,443,618,4,7,10,3,FALSE,FALSE
"104",104,12.84,41.096,78,76,1601393,20530.68,5912.6,19320.5,12527,34148,422.09,634.974,4.577,1.139,0.33,1.103,422.307,634.909,4.591,418,632,4,9,7,3,FALSE,FALSE
"105",105,6.749,32.546,41,41,675266,16469.902,2592.146,16321,12653,21786,309.61,653.317,4.268,1.011,0.31,1.02,309.532,653.245,4.243,307,650,4,6,7,2,TRUE,FALSE
"106",106,2.305,13.067,14,14,280444,20031.715,4781.347,20740.5,12670,27663,212.571,657.643,4.571,0.661,0.131,0.643,212.494,657.674,4.615,211,657,4,4,3,2,TRUE,TRUE
"107",107,6.585,32.513,40,40,633376,15834.4,2262.646,15255,12615,22355,304.625,661.1,4.425,1.029,0.306,0.989,304.583,661.217,4.427,303,657,4,5,8,2,TRUE,FALSE
"108",108,20.741,58.128,126,90,3242333,25732.801,12211.652,21300.5,12657,62958,411.841,687.937,5.325,1.485,0.243,1.485,411.867,688.01,5.324,408,684,4,9,8,4,FALSE,FALSE
"109",109,11.029,40.236,67,56,1399448,20887.283,6318.34,20624,12453,35193,252.418,691.597,4.97,1.185,0.22,1.164,252.41,691.618,4.921,249,689,4,7,7,3,FALSE,FALSE
"110",110,28.643,77.366,174,132,4341963,24953.811,9937.96,22711,12612,55007,301.471,719.161,5.034,1.726,0.525,1.659,301.611,719.313,5.038,295,714,4,13,10,4,TRUE,FALSE
"111",111,26.503,70.162,161,112,4795453,29785.422,14718.932,24606,12567,65535,439.087,86.478,6.627,1.647,0.324,1.647,439.208,86.406,6.614,435,82,5,9,10,4,FALSE,FALSE
"112",112,18.931,56.783,115,100,2549252,22167.408,7239.706,20833,12482,47280,443.139,134.391,6.226,1.465,0.449,1.394,443.171,134.377,6.222,441,130,5,6,11,4,FALSE,FALSE
"113",113,18.108,49.853,110,86,2507076,22791.6,7936.746,20320.5,12581,41519,355.836,162.691,5.909,1.365,0.235,1.354,355.729,162.714,5.861,352,160,5,9,7,3,TRUE,TRUE
"114",114,9.218,33.098,56,48,1275565,22777.947,6777.693,22769,12612,34564,364.036,260.946,6.25,1.066,0.23,1.097,364.046,261.035,6.303,361,259,5,7,5,3,FALSE,FALSE
"115",115,9.218,38.305,56,48,1291125,23055.803,7699.47,22775.5,13249,40227,373.393,261.411,6.5,1.088,0.333,1.121,373.503,261.284,6.512,371,259,5,6,6,4,FALSE,FALSE
"116",116,7.408,33.443,45,44,804100,17868.889,4590.771,16278,12599,30836,450.089,399.356,6.289,1.024,0.331,1.014,450.02,399.234,6.278,447,397,5,7,7,3,FALSE,FALSE
"117",117,1.975,11.481,12,12,179476,14956.333,1290.031,15231,13106,17584,446.667,406.333,5.667,0.614,0.135,0.66,446.669,406.338,5.691,445,405,5,4,3,2,FALSE,FALSE
"118",118,28.478,73.23,173,123,5675555,32806.676,17111.33,26407,12624,65535,484.549,459.098,6.41,1.747,0.392,1.696,484.629,459.222,6.439,482,453,5,7,12,4,FALSE,FALSE
"119",119,11.688,41.407,71,66,1325396,18667.549,4190.673,18596,12553,28590,300.873,552.042,5.761,1.211,0.342,1.213,300.852,552.12,5.756,297,550,5,9,5,3,TRUE,TRUE
"120",120,10.371,38.064,63,48,1478600,23469.842,9482.352,20540,12616,46894,308.127,556.333,6.492,1.25,0.295,1.256,308.111,556.344,6.511,305,554,5,7,5,4,TRUE,FALSE
"121",121,22.717,61.508,138,101,4077933,29550.238,13077.607,27212.5,12812,62455,262.536,568.754,6.638,1.597,0.36,1.611,262.626,568.696,6.678,259,565,5,8,9,4,FALSE,FALSE
"122",122,46.586,120.741,283,192,9835525,34754.504,17538.346,30178,12478,65535,296.244,648.887,6.795,2.332,0.797,2.258,296.15,649.07,6.811,291,640,5,11,17,5,FALSE,FALSE
"123",123,28.149,70.988,171,122,4760728,27840.514,12354.556,24856,12535,63219,310.579,678.094,6.69,1.671,0.357,1.667,310.653,678.155,6.673,305,675,5,11,7,4,TRUE,TRUE
"124",124,18.437,60.956,112,91,2781523,24835.027,10717.541,21437.5,12484,59661,444.804,708.42,6.571,1.549,0.444,1.547,444.997,708.258,6.564,441,703,5,8,12,4,FALSE,FALSE
"125",125,24.857,65.919,151,124,3250652,21527.496,5816.388,21357,12553,36281,411.656,790.397,5.834,1.538,0.397,1.514,411.665,790.367,5.788,408,785,5,8,11,3,FALSE,FALSE
"126",126,34.404,103.845,209,167,5018138,24010.23,8092.462,22792,12507,44066,300.115,446.813,7.694,2.217,0.689,2.347,299.845,446.675,7.632,293,441,6,15,13,5,FALSE,FALSE
"127",127,43.623,110.29,265,204,5414164,20430.807,6256.398,18273,12447,39047,346.279,549.2,6.974,2.296,0.832,2.305,346.413,549.222,6.954,337,545,6,19,9,3,TRUE,TRUE
"128",128,12.181,38.268,74,74,1339565,18102.23,3855.265,17693,12449,28190,276.257,605.649,6.568,1.101,0.317,1.119,276.179,605.645,6.574,273,602,6,8,8,2,TRUE,FALSE
"129",129,49.22,104.053,299,175,10565335,35335.57,18823.285,29006,12523,65535,283.498,638.763,8.087,2.067,0.348,2.069,283.493,638.82,8.157,278,635,6,12,8,6,TRUE,TRUE
"130",130,16.132,52.062,98,73,2423805,24732.703,8953.221,22824.5,12458,52252,202.449,646.265,8,1.408,0.35,1.353,202.388,646.437,7.993,200,642,6,6,9,5,FALSE,FALSE
"131",131,21.564,69.161,131,113,2865478,21873.877,6715.243,21508,12574,40773,462.939,252.069,8.679,1.751,0.696,1.786,463.015,252.209,8.658,460,245,7,7,14,4,FALSE,FALSE
"132",132,27.491,75.298,167,127,4562191,27318.51,13035.296,23472,12452,65535,286.317,381.114,9.132,1.704,0.469,1.645,286.442,381.399,9.113,284,374,7,6,13,5,FALSE,FALSE
"133",133,12.511,42.752,76,59,1783187,23462.986,9410.514,20691.5,12777,49219,482.829,392.645,8.5,1.256,0.297,1.246,482.807,392.546,8.519,480,389,7,6,8,4,FALSE,FALSE
"134",134,43.458,111.294,264,179,8642383,32736.299,17142.27,28585.5,12439,65535,287.367,71.409,10.307,2.147,0.654,2.231,287.37,71.319,10.295,284,65,8,7,15,5,FALSE,FALSE
"135",135,1.975,13.757,12,12,168392,14032.667,1759.799,13509.5,12447,18159,463.417,350.5,8.167,0.66,0.263,0.697,463.424,350.491,8.151,461,349,8,5,4,2,FALSE,FALSE
"136",136,27.82,73.886,169,115,4733637,28009.686,12669.392,24600,12452,65535,300.639,359.077,10.657,1.678,0.333,1.659,300.608,358.94,10.732,296,356,8,10,7,6,FALSE,FALSE
"137",137,15.638,47.166,95,70,2818422,29667.6,14087.726,25391,13009,65535,296.179,467.147,9.495,1.41,0.286,1.48,296.059,467.164,9.434,293,465,8,8,5,4,FALSE,FALSE
"138",138,28.314,71.507,172,110,5680095,33023.809,16845.217,27817.5,12501,65535,339.064,532.767,9.907,1.774,0.367,1.808,338.885,532.763,9.783,335,530,8,9,7,5,TRUE,TRUE
"139",139,14.486,45.302,88,81,1757590,19972.613,5446.098,19326.5,12513,37595,296.818,538.045,8.682,1.273,0.373,1.278,296.726,538.046,8.663,292,536,8,10,6,3,FALSE,FALSE
"140",140,12.181,40.269,74,61,1567403,21181.121,6836.59,18881,12618,38019,311.243,585.351,8.851,1.213,0.225,1.221,311.312,585.344,8.792,308,582,8,7,7,3,FALSE,FALSE
"141",141,8.231,31.512,50,48,923714,18474.279,3884.591,17847.5,12729,28450,464.16,633.6,9.36,1.01,0.285,0.997,464.117,633.619,9.355,462,630,8,5,8,3,FALSE,FALSE
"142",142,9.054,40.236,55,50,900213,16367.509,2518.834,16155,12603,22399,441.855,726.109,9.2,1.188,0.378,1.197,441.838,726.09,9.202,440,723,8,6,8,4,FALSE,FALSE
"143",143,43.952,93.02,267,165,8964070,33573.297,17381.369,28279,12484,65535,440.052,149.637,10.715,1.951,0.283,1.949,440.049,149.646,10.697,436,145,9,9,10,5,FALSE,FALSE
"144",144,39.837,85.434,242,161,7208995,29789.236,13990.824,25425,12559,61538,460.079,275.764,10.5,1.908,0.378,1.88,460.212,275.686,10.535,454,272,9,13,8,4,FALSE,FALSE
"145",145,27.161,69.335,165,109,4887552,29621.527,15147.795,23919,12450,65535,363.503,363.2,11.103,1.722,0.323,1.778,363.378,363.047,11.115,360,360,9,8,8,5,TRUE,FALSE
"146",146,14.651,48.648,89,67,1813472,20376.09,6540.657,17853,12475,38865,412.809,362.539,10.663,1.377,0.293,1.388,412.745,362.57,10.643,409,361,9,9,5,4,FALSE,FALSE
"147",147,20.577,73.816,125,107,2289478,18315.824,4333.106,17551,12474,31953,410.776,406.464,10.6,1.706,0.581,1.776,410.739,406.531,10.596,406,403,9,12,9,4,FALSE,FALSE
"148",148,16.297,51.683,99,68,3207523,32399.223,16525.203,27165,12489,65535,301.727,409.596,11.04,1.52,0.407,1.44,301.728,409.682,10.96,299,407,9,7,6,5,FALSE,FALSE
"149",149,22.881,60.37,139,96,4066649,29256.467,14195.791,24773,12441,65070,366.59,424.978,10.482,1.591,0.26,1.602,366.628,424.966,10.461,363,422,9,8,8,4,TRUE,FALSE
"150",150,36.544,89.296,222,149,6118997,27563.049,11216.503,26811,12457,55622,377.55,462.05,10.856,1.774,0.327,1.83,377.493,461.918,10.894,373,457,9,10,10,5,FALSE,FALSE
"151",151,35.392,79.779,215,152,5883414,27364.717,11360.494,24887,12441,60382,471.298,494.344,10.865,1.734,0.338,1.772,471.109,494.26,10.888,468,489,9,8,11,5,FALSE,FALSE
"152",152,21.894,62.371,133,87,4418342,33220.617,18045.932,26684,12600,65535,357.203,599.504,10.789,1.644,0.349,1.638,357.098,599.579,10.761,354,596,9,7,8,5,FALSE,FALSE
"153",153,17.614,51.509,107,81,2604062,24337.027,11081.069,20189,12518,60588,428.991,620.346,10.346,1.49,0.367,1.516,429.106,620.592,10.437,427,616,9,5,9,4,FALSE,FALSE
"154",154,1.975,13.308,12,12,173828,14485.667,1633.399,14166,12757,18120,332.667,754.833,9.917,0.62,0.264,0.632,332.662,754.844,9.927,331,753,9,5,4,2,TRUE,FALSE
"155",155,7.243,32.409,44,44,834289,18961.113,4731.233,18065,12812,31286,359.409,789.295,9.477,1.16,0.458,1.147,359.204,789.223,9.471,355,787,9,9,6,2,FALSE,FALSE
"156",156,4.28,22.169,26,26,373956,14382.923,1875.868,13829,12457,19290,337.154,69.923,11.385,0.833,0.232,0.772,337.113,69.835,11.401,336,68,10,4,6,3,TRUE,FALSE
"157",157,8.889,31.375,54,48,1040427,19267.166,5290.885,18013,12507,35245,338.056,100.056,10.926,1.114,0.262,1.116,338.049,100.123,10.919,337,97,10,4,7,3,TRUE,FALSE
"158",158,4.938,22.273,30,27,514351,17145.033,3503.853,16043,13183,27125,330.067,103.1,11.133,0.907,0.225,0.94,330.072,103.132,11.151,328,102,10,5,4,3,TRUE,FALSE
"159",159,6.42,27.168,39,35,685931,17587.975,4069.586,16853,12526,27397,342.179,112.231,10.795,0.98,0.234,0.958,342.146,112.202,10.767,341,109,10,4,7,3,TRUE,FALSE
"160",160,2.634,14.55,16,16,254011,15875.688,2055.528,15802,12925,20259,323.125,191.25,10.562,0.711,0.176,0.694,323.134,191.273,10.58,322,190,10,4,4,2,TRUE,FALSE
"161",161,2.469,16.377,15,15,215213,14347.533,1924.958,13410,12450,17584,313.067,193.667,10.267,0.72,0.24,0.812,313.155,193.663,10.238,311,192,10,5,4,2,TRUE,FALSE
"162",162,3.951,18.308,24,24,378091,15753.792,2758.331,15456,12590,22792,421.958,194.667,10.583,0.748,0.156,0.772,421.978,194.647,10.585,420,193,10,5,4,2,TRUE,FALSE
"163",163,16.461,52.888,100,83,1801027,18010.27,4080.009,17738,12492,28068,381.37,309.96,11.75,1.386,0.373,1.323,381.336,309.915,11.735,378,306,10,7,10,4,FALSE,FALSE
"164",164,2.14,12.619,13,13,188414,14493.385,1363.253,14216,12527,17387,325.615,319.769,10.385,0.673,0.149,0.688,325.633,319.732,10.377,324,319,10,4,3,2,TRUE,FALSE
"165",165,16.461,48.923,100,82,1960250,19602.5,6011.505,18044,12635,38429,387.83,325.69,11.3,1.308,0.265,1.346,387.665,325.736,11.315,385,323,10,7,7,4,FALSE,FALSE
"166",166,6.585,29.444,40,37,739004,18475.1,4780.434,16920,12470,29765,376.025,346.075,10.8,1.003,0.281,0.955,376.083,345.992,10.757,374,344,10,6,6,3,TRUE,FALSE
"167",167,3.786,19.549,23,23,361913,15735.348,2432.807,14862,12514,21278,341.391,358.304,11.478,0.794,0.237,0.773,341.323,358.256,11.496,340,357,10,4,4,3,FALSE,FALSE
"168",168,8.56,39.684,52,48,821732,15802.538,2222.843,15238.5,12545,21533,441.596,420.558,11.038,1.195,0.415,1.108,441.626,420.584,11.052,437,419,10,9,5,3,FALSE,FALSE
"169",169,9.054,39.787,55,50,933311,16969.291,3686.279,16144,12444,27711,416.291,435.055,11.236,1.255,0.44,1.25,416.317,435.136,11.228,414,430,10,6,9,3,FALSE,FALSE
"170",170,7.243,27.858,44,41,734084,16683.727,3278.184,16211,12561,25212,316.523,438.341,11.295,1.005,0.278,0.983,316.5,438.298,11.306,315,435,10,4,7,3,FALSE,FALSE
"171",171,3.457,17.377,21,20,391377,18637,5875.435,15968,12874,32256,426.952,438.952,11.095,0.84,0.276,0.951,426.948,438.905,11.083,426,438,10,3,4,3,FALSE,FALSE
"172",172,3.457,22.514,21,21,302032,14382.477,2069.466,13587,12487,18407,465.238,451.286,10.81,0.903,0.299,0.924,465.318,451.213,10.826,463,450,10,6,4,3,FALSE,FALSE
"173",173,3.128,22.169,19,19,269867,14203.526,1556.963,13629,12606,17532,440.947,456.211,10.789,0.831,0.321,0.864,440.929,456.259,10.807,440,453,10,3,7,2,FALSE,FALSE
"174",174,2.14,13.516,13,13,200864,15451.077,2078.692,14821,12741,19421,427.615,468.077,10.846,0.706,0.307,0.824,427.612,468.137,10.858,427,467,10,2,4,3,TRUE,FALSE
"175",175,10.041,35.477,61,51,1117071,18312.639,4473.037,16817,12601,29632,338.18,475.393,11.951,1.152,0.238,1.129,338.161,475.504,11.889,336,472,10,5,7,4,TRUE,FALSE
"176",176,8.231,38.891,50,48,832749,16654.98,3410.509,15834,12637,25063,428.84,511.54,10.78,1.23,0.498,1.18,428.816,511.691,10.774,426,506,10,6,10,3,FALSE,FALSE
"177",177,27.655,70.61,168,112,4048558,24098.559,9323.569,21767,12462,48608,367.661,516.143,11.839,1.672,0.306,1.634,367.606,516.032,11.8,365,512,10,7,9,5,TRUE,FALSE
"178",178,2.634,19.997,16,16,218255,13640.938,1002.415,13489,12483,15712,405.438,523.75,10.75,0.977,0.403,0.977,405.448,523.746,10.758,402,522,10,8,5,2,TRUE,FALSE
"179",179,23.375,76.299,142,110,3059500,21545.775,7257.609,19624.5,12441,39584,306.232,535.275,11.796,1.678,0.541,1.737,306.21,535.255,11.747,302,530,10,9,12,4,FALSE,FALSE
"180",180,26.009,63.61,158,114,3763651,23820.576,9998.881,20602.5,12440,51094,468.987,553.639,11.241,1.583,0.292,1.595,469.071,553.677,11.242,466,549,10,7,10,4,FALSE,FALSE
"181",181,23.211,67.334,141,107,3282628,23281.049,10533.739,19543,12487,59235,330.475,554.688,11.716,1.606,0.412,1.577,330.596,555.078,11.722,328,549,10,6,12,4,FALSE,FALSE
"182",182,23.046,63.921,140,100,3219450,22996.072,8817.641,19012,12453,44201,460.493,558.157,11.586,1.586,0.322,1.568,460.511,558.266,11.589,457,553,10,7,11,4,FALSE,FALSE
"183",183,12.84,46.165,78,66,1506489,19313.961,5030.353,18163.5,12444,32793,359.103,615.603,10.872,1.261,0.309,1.251,359.008,615.602,10.877,356,612,10,8,8,3,FALSE,FALSE
"184",184,2.798,18.308,17,17,237827,13989.823,1434.473,13816,12520,17422,463.529,626.353,10.176,0.875,0.324,0.847,463.559,626.338,10.165,461,624,10,6,5,2,FALSE,FALSE
"185",185,20.083,57.817,122,106,2283707,18718.91,4254.989,18673.5,12520,29892,257.656,630.238,11.246,1.394,0.376,1.411,257.697,630.257,11.282,254,626,10,8,9,3,TRUE,FALSE
"186",186,12.017,42.993,73,64,1392027,19068.863,4768.208,18304,12481,31895,235.178,634.794,11.342,1.324,0.554,1.301,235.263,634.697,11.338,228,633,10,12,6,4,TRUE,TRUE
"187",187,31.771,76.436,193,130,5182721,26853.477,11501.953,23745,12478,59523,269.285,643.404,11.663,1.735,0.274,1.715,269.322,643.326,11.687,265,640,10,10,9,4,FALSE,FALSE
"188",188,9.548,36.615,58,51,1028108,17726,4324.865,16619.5,12607,31755,317.966,652.414,11.672,1.06,0.266,1.075,318.042,652.331,11.663,315,650,10,6,6,4,TRUE,FALSE
"189",189,8.066,31.375,49,40,918151,18737.775,5283.935,17284,12463,31806,328,652.224,11.347,1.12,0.306,1.043,328.06,652.225,11.305,325,651,10,7,4,4,TRUE,FALSE
"190",190,24.528,69.85,149,117,3084671,20702.49,6031.674,19505,12544,37540,250.295,670.228,11.248,1.624,0.457,1.56,250.187,670.303,11.204,248,665,10,6,12,4,FALSE,FALSE
"191",191,14.98,51.061,91,76,1949891,21427.373,6906.7,19695,12584,39744,394.758,673.143,11.615,1.418,0.466,1.464,394.841,673.362,11.604,392,668,10,7,10,4,FALSE,FALSE
"192",192,18.108,54.337,110,80,2579663,23451.482,9747.538,20130,12562,50843,292.036,679.727,11.582,1.492,0.3,1.56,292.092,679.729,11.563,288,677,10,9,6,4,FALSE,FALSE
"193",193,16.955,49.545,103,75,2789672,27084.193,11974.22,23790,12779,58838,265.718,703.651,11.505,1.451,0.26,1.475,265.723,703.773,11.512,263,701,10,6,7,4,FALSE,FALSE
"194",194,19.589,62.679,119,94,2380382,20003.211,5624.719,18649,12828,37908,333.975,699.328,11.874,1.561,0.488,1.445,333.975,699.39,11.861,330,694,10,8,11,4,FALSE,FALSE
"195",195,3.292,19.445,20,20,283434,14171.7,1505.976,13866.5,12537,18356,363.65,228.55,11.25,0.765,0.261,0.752,363.664,228.572,11.235,362,226,11,4,6,2,FALSE,FALSE
"196",196,2.14,11.481,13,13,201468,15497.538,2571.514,15298,12613,20170,406.231,514,11.462,0.639,0.094,0.668,406.252,514.011,11.433,405,513,11,3,3,2,FALSE,FALSE
"197",197,5.926,26.168,36,36,539250,14979.167,1816.899,14908,12520,19750,420.25,543.917,11.583,0.919,0.293,0.89,420.262,543.85,11.576,419,541,11,4,8,2,TRUE,FALSE
"198",198,9.054,35.581,55,47,989615,17993,4615.153,16360,12939,29332,321.745,581.727,12.036,1.147,0.307,1.164,321.76,581.702,12.039,320,578,11,5,8,3,TRUE,FALSE
"199",199,2.469,14.342,15,15,212593,14172.866,1618.702,13635,12563,17798,410.2,582,11.933,0.64,0.264,0.652,410.134,582.028,11.939,408,580,11,5,5,2,TRUE,FALSE
"200",200,4.28,23.892,26,26,380749,14644.192,2028.414,13905,12506,19214,394.615,704.038,11.731,0.939,0.383,0.895,394.676,703.966,11.758,393,701,11,5,8,2,FALSE,FALSE
"201",201,7.572,33.787,46,46,678440,14748.695,2288.132,13922.5,12481,22079,416.152,762.674,11.609,1.145,0.454,1.066,416.14,762.683,11.627,414,758,11,5,10,2,FALSE,FALSE
