"","volumelist","X.2","X1","X.1","Volume..micron.3.","Surface..micron.2.","Nb.of.obj..voxels","Nb.of.surf..voxels","IntDen","Mean","StdDev","Median","Min","Max","X","Y","Z","Mean.dist..to.surf...micron.","SD.dist..to.surf...micron.","Median.dist..to.surf...micron.","XM","YM","ZM","BX","BY","BZ","B.width","B.height","B.depth","symbiontvolume","symbiontcorrection","correctedsymbiontvolume","symaporatio","volumelist.1","X1.1","Volume..pixel.3.","symvolrat","totalpoints","overlappoints","halfoverlappoints","pointratio","nonoverlappoints","overlapexpected","pointspervolume","observed_expected","symvolvox$Nb.of.obj..voxels","symvolrat2","totalpointnuc","nonoverlapnuc","halfnonoverlapnuc","overlapnuc","overlapnucexp","nucpervolume","nuc_observed_expected","nonoverlapexpected","chisquare","nonoverlapnucexpected","chisquarenuc","symvolrat3","csbool","csbooln","edu_nonoverlap_half","nuc_overlap_half","halfsymvolrat3","edu_overlap_exp","edu_nonoverlap_exp","nuc_overlap_exp","nuc_nonoverlap_exp","halfchisquare","halfchisquarenuc"
"1","15 tentacle base 1.txt",1,1,1,916873.125,124292.703,5569831,629852,245975367680,44162.09,8353.405,47073,9997,61519,590.181,393.427,9.937,106.601,48.81,104.197,596.595,398.471,10.108,82,200,1,942,450,19,1522746,21178,1501568,1.6377053259141,"15 tentacle base 1.txt",1,638639,0.69654021105701,249,60,23,0.240963855421687,189,67.1277875396938,0.000271575197495291,-7.12778753969376,638639,0.114660390952616,3109,1991,2439,1118,838.153780967502,0.003390872646638,279.846219032498,181.872212460306,1.03619181088639,2270.8462190325,127.922864514076,0.269589508191541,"False","True",226,670,0.134794754095771,33.5638937698469,215.436106230153,419.076890483751,2689.92310951625,3.8428777490094,173.647471871527
"2","15 tentacle base 2.txt",2,2,1,1074445.75,126710.719,6527055,618642,278989340672,42743.523,8259.596,45148,10933,59240,426.579,465.292,12.027,107.616,53.191,100.206,424.679,470.888,12.041,0,84,1,920,672,23,1438520,12450,1426070,1.32726105529293,"15 tentacle base 2.txt",2,579348,0.53920637686919,289,66,20,0.228373702422145,223,63.1424478574181,0.000268975888266113,2.85755214258192,579348,0.0887610109000154,3261,2292,2762,969,712.482776688721,0.00303505318905119,256.517223311279,225.857552142582,0.16547414250662,2548.51722331128,118.173994558769,0.218485978745391,"False","True",269,499,0.109242989372696,31.571223928709,257.428776071291,356.241388344361,2904.75861165564,4.76110685645199,64.2245407886752
"3","15 tentacle base 3.txt",3,3,1,887226.562,111469.172,5389734,556856,227800186880,42265.57,7570.335,43789,10792,58811,467.566,564.096,10.86,105.07,50.032,102.385,458.664,561.706,10.951,0,325,1,942,448,21,2129454,41400,2088054,2.35346200106214,"15 tentacle base 3.txt",3,770758,0.868727372479184,387,197,95,0.509043927648579,190,149.928901500519,0.000436190728022861,47.0710984994807,770758,0.143004831036188,2922,1427,2039,1495,1132.02131830625,0.00329340906274625,362.978681693754,237.071098499481,24.1243522448013,1789.97868169375,189.994043382582,0.387413182171885,"True","True",292,883,0.193706591085942,74.9644507502597,312.03554924974,566.010659153123,2355.98934084688,6.64131427633314,220.176821539751
"4","15 tentacle middle 1.txt",4,4,1,1167514.875,138203.562,7092432,650744,303581396992,42803.566,8057.687,45089,10485,59535,511.215,410.499,12.55,134.768,68.132,133.765,509.973,411.528,12.613,4,2,1,1014,895,24,1755343,25135,1730208,1.48195799218404,"15 tentacle middle 1.txt",4,702610,0.601799613045615,288,73,30,0.253472222222222,215,70.2579741335553,0.00024667779928714,2.74202586644469,702610,0.0990647495809618,3346,2083,2619,1263,816.261046704431,0.00286591637644017,446.738953295569,217.742025866445,0.141546032346112,2529.73895329557,323.391649395555,0.243951299074845,"False","True",258,727,0.121975649537422,35.1289870667777,252.871012933222,408.130523352215,2937.86947664778,0.852886067991882,283.739802033702
"5","15 tentacle middle 2.txt",5,5,1,1080244.25,140087.109,6562280,704792,279873290240,42648.789,8515.513,45248,10613,59012,522.767,418.983,10.421,123.457,60.937,120.63,529.71,418.686,10.562,0,105,1,1021,692,20,1452090,11378,1440712,1.33369096850087,"15 tentacle middle 2.txt",5,611087,0.565693360552486,341,66,15,0.193548387096774,275,74.8646494815826,0.000315669349778997,-8.86464948158262,611087,0.0931211408230066,3821,2743,3273,1078,838.879254161663,0.00353716300734764,239.120745838337,266.135350518417,1.34492526994006,2982.12074583834,87.3347080307061,0.219544426632207,"False","True",326,548,0.109772213316104,37.4323247407913,303.567675259209,419.439627080832,3401.56037291917,15.1008231373568,44.2632850743583
"6","15 tentacle middle 3.txt",6,6,1,942008.062,119769.258,5722521,595029,244258242560,42683.68,7557.711,44444,10374,57785,553.148,615.887,10.876,119.285,59.728,117.124,554.16,610.006,10.965,0,313,1,1021,537,21,1554785,21577,1533208,1.62759541223544,"15 tentacle middle 3.txt",6,622039,0.660332989804072,353,131,44,0.371104815864023,222,94.5776212966278,0.000374731400122561,36.4223787033722,622039,0.108700169033893,2985,1878,2408,1107,799.756939293014,0.00316876268942165,307.243060706986,258.422378703372,19.1598811157245,2185.24306070699,161.231811805775,0.26792527279498,"True","True",309,577,0.13396263639749,47.2888106483139,305.711189351686,399.878469646507,2585.12153035349,0.264108707129436,90.5895414193795
"7","15 tentacle tip 1.txt",7,7,1,847641.688,115538.297,5149263,536386,234123051008,45467.293,7147.881,47839,10198,59884,580.254,449.923,10.857,126.63,68.216,122.335,592.56,465.574,11.037,102,1,1,868,1003,21,778502,13893,764609,0.902042703685428,"15 tentacle tip 1.txt",7,315743,0.372495836943782,256,32,11,0.125,224,38.0131882951016,0.000302014404935686,-6.01318829510165,315743,0.0613180954245297,3059,2557,2796,502,454.227902323109,0.00360883619022759,47.7720976768908,217.986811704898,1.11708200506179,2604.77209767689,5.90044220206812,0.148489016777741,"False","True",245,263,0.0742445083888704,19.0065941475508,236.993405852449,227.113951161555,2831.88604883845,3.64330081843447,6.12507171271453
"8","15 tentacle tip 2.txt",8,8,1,721987.875,99731.406,4385940,476088,184619171840,42093.41,8662.285,43959,10869,59800,639.854,391.168,10.406,106.59,54.582,103.053,635.445,392.476,10.501,165,42,1,856,675,20,1132197,10814,1121383,1.55318813352648,"15 tentacle tip 2.txt",8,463859,0.642474778402615,251,58,15,0.231075697211155,193,64.1748708372664,0.000347651267689225,-6.17487083726635,463859,0.105760452719371,2438,1695,2053,743,623.339980483089,0.00337678801046347,119.660019516911,186.825129162734,0.798232088877508,1814.66001951691,30.8611130832879,0.255676776244089,"False","True",236,385,0.127838388122045,32.0874354186332,218.912564581367,311.669990241545,2126.33000975846,10.4333024538246,19.7820607333712
"9","15 tentacle tip 3.txt",9,9,1,607030.562,79427.352,3687596,373816,150422814720,40791.566,9327.753,43209,9774,58134,651.791,520.476,11.591,93.995,46.48,92.276,657.549,516.79,11.459,217,294,1,804,442,22,1028625,17196,1011429,1.66619123206518,"15 tentacle tip 3.txt",9,424257,0.698905502553593,186,52,21,0.279569892473118,134,51.0158363334812,0.000306409613689269,0.984163666518775,424257,0.115049750569206,1723,1084,1378,639,472.582182809614,0.00283840733541189,166.417817190386,134.984163666519,0.0261613269698377,1250.41781719039,80.75183924579,0.274278689964953,"False","True",165,345,0.137139344982476,25.5079181667406,160.492081833259,236.291091404807,1486.70890859519,0.923286245573652,57.9618523901195
"10","16 tentacle 2nd middle 2.txt",10,10,1,983842.938,128327.125,5976660,643584,254811897856,42634.496,6406.807,43383,10310,57392,606.256,828.395,10.445,111.647,57.005,102.676,599.517,818.344,10.46,0,437,1,1022,585,20,2829421,44568,2784853,2.83058696915706,"16 tentacle 2nd middle 2.txt",10,942850,0.958333859586031,188,116,56,0.617021276595745,72,87.5994893468928,0.00019108741114936,28.4005106531072,942850,0.157755334919504,3055,1223,1859,1832,1423.49170188701,0.0031051704311771,408.508298112993,100.400510653107,17.241404894996,1631.50829811299,219.517300569795,0.465954730568578,"True","True",132,1196,0.232977365284289,43.7997446734464,144.200255326554,711.745850943504,2343.2541490565,4.43055447197692,429.549854811302
"11","16 tentacle 2nd middle 3.txt",11,11,1,1351380.25,166593.656,8209380,869808,372183269376,45336.344,5848.636,47066,11361,59164,473.255,254.346,10.127,120.881,55.296,115.893,469.464,259.868,10.572,1,2,1,1021,578,20,2531367,33559,2497808,1.84833839328346,"16 tentacle 2nd middle 3.txt",11,860064,0.636433749864259,236,105,53,0.444915254237288,131,71.805993631675,0.000174636265403464,33.194006368325,860064,0.104766011562384,4287,2382,3139,1905,1304.37413008047,0.00317231216010446,600.625869919531,164.194006368325,22.0553194668378,2982.62586991953,397.521474266841,0.304262684879979,"True","True",183,1148,0.152131342439989,35.9029968158375,200.097003184163,652.187065040235,3634.81293495977,9.60242012338065,444.564666783033
"12","16 tentacle base 1 and 2.txt",12,12,1,1270781.875,157527.219,7719760,815086,338755420160,43881.602,6238.493,45919,7686,58659,548.112,253.527,10.172,110.918,48.282,106.557,552.852,257.53,10.675,21,2,1,1001,555,20,3383117,53060,3330057,2.62047882922472,"16 tentacle base 1 and 2.txt",12,1109548,0.873122305116289,191,94,55,0.492146596858639,97,82.3912773195022,0.000150301167932538,11.6087226804978,1109548,0.143728302434273,4121,1822,2654,2299,1777.66729755847,0.00324288540863868,521.332702441527,108.608722680498,2.87644648342329,2343.33270244153,268.873570821121,0.431367944081163,"False","True",136,1467,0.215683972040582,41.1956386597511,149.804361340249,888.833648779237,3232.16635122076,5.89780361377589,479.50600177654
"13","16 tentacle base 1.txt",13,13,1,974374.312,124203.844,5919140,634232,268804374528,45412.742,5693.539,46786,12213,58125,567.369,752.591,10.442,107.58,51.219,101.664,562.795,759.845,10.512,61,524,1,960,434,20,2798096,52241,2745855,2.81806998212408,"16 tentacle base 1.txt",13,901905,0.925624771602148,219,138,72,0.63013698630137,81,101.59284034505,0.000224759619894413,36.4071596549499,901905,0.152370952537024,3309,1477,2135,1832,1535.02606713137,0.0033960254896375,296.973932868626,117.40715965495,24.3366069048025,1773.97393286863,107.169311152368,0.463894248150914,"True","True",147,1174,0.231947124075457,50.7964201725251,168.203579827475,767.513033565687,2541.48696643431,11.5237586148789,280.295658516017
"14","16 tentacle middle 1.txt",14,14,1,972224.438,124480.328,5906080,636904,272915202048,46209.195,5023.162,47163,13784,59787,486.198,660.484,10.442,116.309,56.597,113.463,480.328,664.627,10.46,2,449,1,1019,415,20,3008808,57606,2951202,3.03551513894367,"16 tentacle middle 1.txt",14,964875,0.992440595285674,297,193,96,0.64983164983165,104,148.407572196787,0.000305485018059174,44.592427803213,964875,0.163369781648742,3503,1363,2153,2140,1750.40984984965,0.00360307750256325,389.590150150354,148.592427803213,26.7809479826413,1752.59015015035,173.314923086468,0.499688795275377,"True","True",201,1350,0.249844397637689,74.2037860983935,222.796213901606,875.204924924823,2627.79507507518,8.53463005331193,343.361265614847
"15","16 tentacle middle 2.txt",15,15,1,1044697.5,135880.766,6346340,683126,260593418240,41062,6388.965,41114,12153,58213,461.927,714.582,10.45,123.068,57.253,121.842,451.77,719.047,10.488,0,516,1,1017,506,20,2806849,45965,2760884,2.64275926763489,"16 tentacle middle 2.txt",15,1017026,0.973512428238796,200,97,51,0.485,103,87.0071253667468,0.000191442977512629,9.99287463325318,1017026,0.160253941641954,3318,1337,2037,1981,1443.44820983433,0.00317603899693452,537.55179016567,112.992874633253,2.03144465932533,1874.55179016567,354.338511788358,0.435035626833734,"False","True",149,1281,0.217517813416867,43.5035626833734,156.496437316627,721.724104917165,2596.27589508284,1.65086113626121,553.868329949819
"16","16 tentacle middle 3.txt",16,16,1,1045270.375,131920.516,6349820,682106,273245077504,43031.941,6200.561,43555,11025,58001,485.446,270.376,10.45,116.911,56.119,113.908,477.804,269.389,10.461,1,82,1,1016,406,20,3225545,48130,3177415,3.03980202251499,"16 tentacle middle 3.txt",16,1087713,1.04060444648113,189,134,62,0.708994708994709,55,94.5745603812392,0.000180814461521499,39.4254396187608,1087713,0.171298241524957,3351,1054,1827,2297,1676.82196739435,0.00320586910348435,620.178032605649,94.4254396187608,32.8966403546055,1674.17803260565,459.111944566421,0.500394499371636,"True","True",127,1524,0.250197249685818,47.2872801906196,141.71271980938,838.410983697176,2512.58901630282,6.10512505031653,747.693687598938
"17","16 tentacle tip 1.txt",17,17,1,915456.625,116725.828,5561226,554206,255022923776,45857.32,4767.016,45919,13711,59571,498.294,436.586,11.455,125.457,63.407,125.02,493.566,431.346,11.38,0,94,1,1022,682,22,3198948,62031,3136917,3.42661455970129,"16 tentacle tip 1.txt",17,1036606,1.13233764625386,254,219,145,0.862204724409449,35,143.273608733038,0.00027745716516061,75.7263912669616,1036606,0.186398826445823,2978,735,1465,2243,1679.79845199602,0.00325302140885157,563.201548003983,110.726391266962,91.8144195531958,1298.20154800398,433.164716343084,0.564069325720624,"True","True",109,1513,0.282034662860312,71.6368043665192,182.363195633481,839.899225998008,2138.10077400199,104.644594523916,751.327909016397
"18","16 tentacle tip 2.txt",18,18,1,710580.125,95441.836,4316640,472524,197940609024,45855.25,4539.717,45987,12736,58571,432.884,762.826,10.419,105.952,52.801,104.256,428.037,755.274,10.392,0,601,1,945,340,20,3244659,77270,3167389,4.45746916999684,"16 tentacle tip 2.txt",18,1083930,1.52541558912867,157,148,121,0.942675159235669,9,115.200728575929,0.000220946230377609,32.7992714240706,1083930,0.251105026131436,2480,346,908,2134,1819.73125393825,0.00349010605946796,314.268746061752,41.7992714240706,35.0755191933488,660.268746061752,203.85720791978,0.733762602394455,"True","True",36,1572,0.366881301197227,57.6003642879647,99.3996357120353,909.865626969124,1570.13437303088,110.220697375172,761.079227465878
"19","16 tentacle tip 3.txt",19,19,1,817711,110166.133,4967440,537028,224531841024,45200.715,4940.275,45215,13349,59641,463.209,299.029,10.4,112.94,57.242,109.406,460.65,295.344,10.362,1,0,1,953,605,20,3060947,93837,2967110,3.62855581006003,"16 tentacle tip 3.txt",19,1044484,1.27732658604324,189,160,107,0.846560846560847,29,112.891910118693,0.000231133004203196,47.1080898813071,1044484,0.210266052534102,2638,607,1260,2031,1575.7082481117,0.00322607865125943,455.291751888297,76.1080898813071,48.8156583162212,1062.2917518883,326.689170919528,0.597311693749698,"True","True",82,1378,0.298655846874849,56.4459550593465,132.554044940654,787.854124055852,1850.14587594415,64.5576650032626,630.291948834224
"24","17 tentacle tip 1.txt",24,24,1,1012315.938,110755.781,6149628,511178,291364077568,47379.137,3384.5,47433,17545,58809,473.424,415.145,13.778,112.132,55.253,110.326,467.814,411.036,13.937,18,140,1,935,576,27,2527,0,2527,0.00249625626263725,"17 tentacle tip 1.txt",24,1472,0.00145409149924892,434,1,0,0.00230414746543779,433,0.178338917410939,0.000428719912142685,0.821661082589061,1472,0.000239364072103223,3187,3187,3187,0,1.30959937739323,0.00314822663594179,-1.30959937739323,433.821661082589,3.7871962053363,3185.69040062261,1.31013773809801,0.000410919164541335,"False","False",434,0,0.000205459582270667,0.0891694587054697,433.910830541295,0.654799688696617,3186.3452003113,0.0891877831901475,0.654934251214286
"25","17 tentacle tip 2.txt",25,25,1,822172.25,92449.672,4994541,413266,238434680832,47739.059,3427.241,46954,14625,60208,358.122,704.775,13.95,93.808,45.802,89.345,353.241,690.459,13.713,1,406,1,729,616,27,2805925,181854,2624071,3.19163168058761,"17 tentacle tip 2.txt",25,607485,0.73887801491719,399,214,154,0.536340852130326,185,209.62973954964,0.000485299765347225,4.37026045035969,607485,0.121629795410629,2467,1265,1557,1202,1296.13174804251,0.00300058777220953,-94.131748042513,189.37026045036,0.191965358565723,1170.86825195749,14.4040366595806,0.525387818420151,"False","True",245,910,0.262693909210076,104.81486977482,294.18513022518,648.065874021256,1818.93412597874,31.3037906530468,143.58768496331
"26","23 tentacle base 1.txt",26,26,1,861939.562,109230.516,5236120,557812,239487287296,45737.547,5451.304,47009,14181,59253,371.162,308.442,10.409,86.302,33.228,87.93,374.312,309.13,10.558,114,0,1,504,677,20,1359769,13937,1345832,1.56139949868086,"23 tentacle base 1.txt",26,525511,0.609684278536457,350,78,21,0.222857142857143,272,89.959970359732,0.000406060953030022,-11.959970359732,525511,0.100362673124375,3053,2061,2510,992,784.707970023605,0.00354201168457331,207.292029976395,260.040029640268,2.14012302998337,2268.29202997639,73.7029689828616,0.257028486742091,"False","True",329,543,0.128514243371046,44.979985179866,305.020014820134,392.353985011803,2660.6460149882,14.6695982179954,66.3707819377356
"27","23 tentacle base 2.txt",27,27,1,584530.125,85134.961,3550910,404550,161432141824,45462.188,5411.623,46594,12588,59557,357.602,425.272,10.048,91.896,45.081,88.915,362.805,428.756,9.992,2,57,1,722,661,19,820311,7950,812361,1.38976755047484,"23 tentacle base 2.txt",27,354073,0.605739524545463,340,59,10,0.173529411764706,281,77.7836498249744,0.000581663776524777,-18.7836498249744,354073,0.0997133129254191,2217,1647,1950,570,507.195151946966,0.00379278997810421,62.8048480530343,262.216350175026,5.88153651895015,1709.80484805303,10.0839432698091,0.22877544066169,"True","True",330,267,0.114387720330845,38.8918249124872,301.108175087513,253.597575973483,1963.40242402652,24.2352775071266,0.799793702771208
"28","23 tentacle base 3.txt",28,28,1,659444.062,90427.117,4005998,455633,182417326080,45536.051,5365.165,46592,13656,58884,678.569,645.209,9.942,90.199,41.141,87.86,682.315,639.872,10.006,468,269,1,432,752,19,1228737,18193,1210544,1.83570384473338,"23 tentacle base 3.txt",28,447696,0.678899130037204,303,58,10,0.191419141914191,245,91.561411663211,0.000459477941284427,-33.561411663211,447696,0.111756421246341,2443,1613,2033,830,738.232767964437,0.00370463567840876,91.7672320355626,211.438588336789,17.628945608286,1704.76723203556,16.3470851284725,0.302182876776274,"True","True",293,410,0.151091438388137,45.7807058316055,257.219294168394,369.116383982219,2073.88361601778,32.9423372563244,5.33426227280746
"29","23 tentacle middle 1.txt",29,29,1,918446.312,130128.836,5579388,662236,238305886208,42711.832,6112.035,42995,11800,58672,334.082,515.853,9.389,119.639,58.765,116.889,335.247,514.904,9.518,92,4,1,570,1016,18,2178489,38415,2140074,2.33010244805687,"23 tentacle middle 1.txt",29,862464,0.939046723506251,333,117,36,0.351351351351351,216,127.728102437041,0.00036256882481771,-10.7281024370415,862464,0.154580394839004,3119,1671,2345,1448,1196.3482027061,0.00339595244626558,251.651797293897,205.271897562959,1.46175335632608,1922.6517972939,85.8731132154275,0.383567875186311,"False","True",297,774,0.191783937593155,63.8640512185207,269.135948781479,598.174101353052,2520.82589864695,15.0419651318337,63.9455914180161
"30","23 tentacle middle 3.txt",30,30,1,776172.25,106008.211,4715100,513774,208281255936,44173.242,5760.203,44952,13963,59511,791.037,531.64,10.4,111.363,56.489,107.615,792.253,523.708,10.48,464,14,1,557,1007,20,1404607,18994,1385613,1.78518750187217,"23 tentacle middle 3.txt",30,541946,0.698229033568258,368,92,25,0.25,276,108.143111280779,0.00047412156257841,-16.1431112807788,541946,0.114938389429705,2601,1689,2167,912,764.348457720939,0.00335106028333273,147.651542279061,259.856888719221,3.41263000837646,1836.65154227906,40.3922612056285,0.293867150219508,"False","True",343,434,0.146933575109754,54.0715556403894,313.928444359611,382.17422886047,2218.82577113953,18.3225042005824,8.23848392330035
"31","23 tentacle tip 1.txt",31,31,1,559756.688,85079.945,3400416,411920,154454949888,45422.367,6230.791,47380,11630,58915,533.967,513.92,9.491,104.173,52.936,102.824,541.238,495.233,9.49,245,38,1,507,899,18,760576,20112,740464,1.32283189441767,"23 tentacle tip 1.txt",31,301240,0.538162395301296,258,63,22,0.244186046511628,195,56.1812766437989,0.000460914546500247,6.81872335620113,301240,0.088589160855613,2088,1605,1815,483,454.676378419582,0.00373019214376944,28.3236215804184,201.818723356201,1.05796862744108,1633.32362158042,2.25555502281518,0.217756886216275,"False","False",236,273,0.108878443108137,28.0906383218994,229.909361678101,227.338189209791,1860.66181079021,1.48192786304923,10.2919321418961
"32","23 tentacle tip 2.txt",32,32,1,626612.875,93670.188,3806555,437291,171837685760,45142.574,4985.54,46073,8940,58046,575.659,671.017,10.006,117.357,59.884,116.11,564.209,657.396,9.928,188,212,1,834,808,19,727678,9484,718194,1.14615263850108,"23 tentacle tip 2.txt",32,307242,0.490321875368424,364,72,19,0.197802197802198,292,68.6769575114507,0.000580900927067609,3.32304248854935,307242,0.0807139263717456,2402,1867,2132,535,453.192450391496,0.00383330776597911,81.8075496085042,295.323042488549,0.198182266583043,1948.8075496085,18.2015407354064,0.188672960196293,"False","True",345,270,0.0943364800981465,34.3384787557253,329.661521244275,226.596225195748,2175.40377480425,7.56513447379394,9.17984730922765
"33","23 tentacle tip 3.txt",33,33,1,730188.938,102731.156,4435760,484004,196890591232,44387.117,6457.987,46470,13043,59317,583.651,670.055,10.4,113.728,58.62,110.79,563.492,680.308,10.472,57,247,1,949,717,20,1013965,15839,998126,1.36694209958026,"23 tentacle tip 3.txt",33,419928,0.575094990003806,444,80,24,0.18018018018018,364,99.9080076469421,0.000608061800026886,-19.9080076469421,419928,0.0946687828015943,2506,1896,2155,610,563.895196313597,0.00343198844789949,46.1048036864032,344.091992353058,5.11874745962235,1942.1048036864,4.86409852837613,0.225018035240861,"True","True",420,351,0.11250901762043,49.9540038234711,394.045996176529,281.947598156798,2224.0524018432,15.19408238298,19.0557141806421
"34","24 tentacle base 1.txt",34,34,1,617051.625,107045.414,3748472,561080,171099586560,45645.156,5386.662,46848,12932,60171,434.627,592.486,7.45,97.384,44.246,93.81,435.287,592.388,7.493,4,330,1,866,463,14,2213304,15517,2197787,3.56175546900148,"24 tentacle base 1.txt",34,923282,1.49627999115957,371,287,160,0.773584905660377,84,217.523027249503,0.000601246289562887,69.4769727504967,923282,0.246308895998156,2693,667,1343,2026,1578.94747273022,0.0043643025816519,447.052527269778,153.476972750497,53.6422790197723,1114.05252726978,305.970891224026,0.586315437330198,"True","True",211,1350,0.293157718665099,108.761513624752,262.238486375248,789.473736365111,1903.52626363489,34.1503234059829,563.030246448062
"35","24 tentacle base 2.txt",35,35,1,289747.438,56855.094,1760161,286744,78321762304,44496.93,5001.9,45354,13804,58110,604.329,773.764,7,66.741,29.169,64.322,606.608,774.044,6.995,286,569,1,579,417,13,1397655,18660,1378995,4.75930006325026,"24 tentacle base 2.txt",35,604288,2.08556805254651,250,220,128,0.88,30,195.862054664318,0.00086282039877778,24.1379453356824,604288,0.343314049112553,1378,176,514,1202,1079.59164530972,0.00475586603806312,122.408354690281,54.1379453356824,13.7368935298581,298.408354690281,64.0915604470205,0.783448218657271,"True","True",122,864,0.391724109328635,97.9310273321588,152.068972667841,539.795822654859,838.204177345141,15.1780600550659,320.115785210721
"36","24 tentacle base 3.txt",36,36,1,520009.594,92795.703,3158960,477656,144446177280,45725.863,5612.391,46993,9143,59496,699.421,422.154,7.429,98.107,46.625,96.264,701.782,418.249,7.513,517,16,1,427,878,14,1308189,6596,1301593,2.50301728086963,"24 tentacle base 3.txt",36,529586,1.01841582561263,255,139,73,0.545098039215686,116,105.068191746651,0.000490375567955387,33.9318082533492,529586,0.167645680856991,2463,1203,1653,1260,1014.8351226353,0.00473645107401615,245.164877364702,149.931808253349,18.6375641775601,1448.1648773647,100.731990914691,0.41203212449667,"True","True",182,810,0.206016062248335,52.5340958733254,202.465904126675,507.417561317649,1955.58243868235,10.0417381294104,227.253314981622
"37","24 tentacle middle 1.txt",37,37,1,731281.312,127848.117,4442396,665708,203211784192,45743.734,5754.165,47062,13647,60387,475.071,492.719,7.5,119.151,59.224,114.732,472.462,493.841,7.528,2,84,1,1011,657,14,2019276,13512,2005764,2.74280768164906,"24 tentacle middle 1.txt",37,841321,1.15047518129384,322,202,101,0.627329192546584,120,145.384609566549,0.000440323025785185,56.6153904334508,841321,0.189384512321729,2986,1153,1808,1833,1348.19392598048,0.00408324395961044,484.806074019516,176.615390433451,40.1955434535402,1637.80607401952,317.841838766683,0.45150499865388,"True","True",221,1178,0.22575249932694,72.6923047832746,249.307695216725,674.096962990242,2311.90303700976,14.2377305974458,486.509997364354
"38","24 tentacle middle 2.txt",38,38,1,471278.844,83746.594,2862930,435294,132020305920,46113.703,5142.053,46934,12539,59778,365.958,580.089,7.451,97.586,48.867,93.782,366.909,580.169,7.497,224,121,1,281,895,14,1622237,20906,1601331,3.39784189421412,"24 tentacle middle 2.txt",38,698053,1.4811889158343,246,187,124,0.760162601626016,59,137.595898607371,0.000521983965823851,49.4041013926292,698053,0.243824683104372,1897,503,928,1394,1061.05455145603,0.00402521781775547,332.945448543974,108.404101392629,40.2540807280923,835.945448543974,237.081597763705,0.559332921168174,"True","True",122,969,0.279666460584087,68.7979493036854,177.202050696315,530.527275728013,1366.47272427199,61.4895470047879,503.087830537495
"39","24 tentacle middle 3.txt",39,39,1,607455.25,107069.078,3690176,556784,171167645696,46384.684,5511.042,47984,10772,59374,544.679,533.212,7.444,112.447,56.878,108.535,547.682,530.199,7.517,266,8,1,474,1002,14,1119879,3270,1116609,1.83817491082676,"24 tentacle middle 3.txt",39,470189,0.774030679626195,268,108,49,0.402985074626866,160,81.0940215317643,0.000441184762169724,26.9059784682357,470189,0.127416415910786,2801,1660,2112,1141,847.55356085997,0.00461103924939327,293.44643914003,186.905978468236,12.8003057515749,1953.44643914003,145.680738982357,0.30258963258121,"True","True",219,689,0.151294816290605,40.5470107658822,227.452989234118,423.776780429985,2377.22321957001,2.07637090420539,195.582085833277
"40","24 tentacle tip 1.txt",40,40,1,493469.812,89673.773,2997736,456580,145763794944,48624.629,4824.74,50381,13808,60634,541.87,516.393,7.431,113.35,56.921,111.487,534.876,520.545,7.546,1,306,1,1015,359,14,854078,14737,839341,1.70089634581335,"24 tentacle tip 1.txt",40,351286,0.711869280465732,167,78,50,0.467065868263473,89,46.7586028255991,0.000338419891022635,31.2413971744009,351286,0.11718376801693,2102,1186,1555,916,588.542414008438,0.00425963240077592,327.457585991562,120.241397174401,28.9909086619601,1513.45758599156,253.043276688726,0.279991633686222,"True","True",117,547,0.139995816843111,23.3793014127995,143.6206985872,294.271207004219,1807.72879299578,35.2457537440533,252.383589146345
"41","24 tentacle tip 2.txt",41,41,1,531741.125,102870.094,3230227,521895,158730551296,49139.133,4310.962,50531,13676,60502,509.443,475.204,6.923,118.872,60.093,117.156,517.556,484.697,7.04,152,17,1,788,900,13,665076,5592,659484,1.24023508619913,"24 tentacle tip 2.txt",41,282046,0.530419760179354,207,76,44,0.367149758454106,131,42.261174833843,0.00038928717428053,33.738825166157,282046,0.0873146066824406,2525,1801,2068,724,515.504668866925,0.00474855128047506,208.495331133075,164.738825166157,33.8448603532996,2009.49533113308,105.958169357031,0.204160264897792,"True","True",163,457,0.102080132448896,21.1305874169215,185.869412583079,257.752334433462,2267.24766556654,27.5651822305483,171.532451827342
"42","24 tentacle tip 3.txt",42,42,1,426704.281,82340.32,2592148,423553,124174467072,47904.082,4743.607,49209,14157,60535,641.99,578.153,6.959,106.529,54.102,106.405,645.652,570.11,7.012,454,73,1,370,947,13,533629,3699,529930,1.24191395211242,"24 tentacle tip 3.txt",42,221403,0.518867538617453,178,53,29,0.297752808988764,125,36.389720031418,0.000417150724578739,16.610279968582,221403,0.0854129471002427,2253,1673,1901,580,460.595726015644,0.00528000327233652,119.404273984356,141.610279968582,9.53016482401483,1792.40427398436,38.9085513885996,0.204436629389989,"True","True",149,352,0.102218314694994,18.194860015709,159.805139984291,230.297863007822,2022.70213699218,7.14728886917888,71.6367308731354
"43","31 tentacle base 1.txt",43,43,1,426021.156,78203,2587998,391254,121772515328,47052.785,4947.143,48587,13323,58690,716.463,526.917,7.499,84.577,37.315,83.485,718.133,529.31,7.515,522,149,1,444,773,14,1221336,16035,1205301,2.82920456654505,"31 tentacle base 1.txt",43,463528,1.08803986250861,329,197,112,0.598784194528875,132,153.224240899722,0.000772262117424046,43.7757591002775,463528,0.179106784472013,2049,873,1302,1176,954.27498359736,0.00480962029970174,221.72501640264,175.775759100278,23.4086737520376,1094.72501640264,96.4256928937833,0.465727175986998,"True","True",217,747,0.232863587993499,76.6121204498612,252.387879550139,477.13749179868,1571.86250820132,21.3078191000496,198.9614626128
"44","31 tentacle base 2.txt",44,44,1,546685,88233.648,3321008,442384,143825534976,43307.797,5973.604,44206,12422,57545,612.641,506.227,8.514,90.866,41.781,87.544,615.619,507.011,8.495,173,288,1,819,409,16,1488393,12871,1475522,2.69903509333528,"31 tentacle base 2.txt",44,613008,1.12131849236763,455,280,138,0.615384615384615,175,202.156245934969,0.000832289161034234,77.8437540650309,613008,0.184584921204646,2172,772,1191,1400,965.018387188468,0.00397303748959639,434.981612811532,252.843754065031,53.9410686905684,1206.98161281153,352.829896158204,0.444299441615317,"True","True",317,981,0.222149720807658,101.078122967485,353.921877032515,482.509193594234,1689.49080640577,17.3386133816286,662.083403574286
"45","31 tentacle base 3.txt",45,45,1,308962.688,54728.121,1876890,268647,83206135808,44331.918,6776.072,45722,10732,58935,575.521,410.534,8,64.272,28.96,61.095,579.351,410.604,7.997,269,198,1,543,431,15,753837,5991,747846,2.42050587027518,"31 tentacle base 3.txt",45,305772,0.989672901861858,165,76,24,0.460606060606061,89,65.7441778687083,0.000534045068898417,10.2558221312917,305772,0.162914182504036,1251,637,850,614,498.460403113661,0.00404903261328436,115.539596886339,99.2558221312917,2.65957115917118,752.539596886339,44.5203925338306,0.398449562840657,"False","True",141,401,0.199224781420328,32.8720889343542,132.127911065646,249.230201556831,1001.76979844317,2.99029369566856,115.414246715866
"46","31 tentacle middle 1.txt",46,46,1,478589.375,76984,2907340,369760,136218722304,46853.387,5180.794,48452,13133,59145,479.667,759.209,9,92.999,46.047,91.933,476.029,759.474,9.036,82,496,1,838,508,17,1560540,18036,1542504,3.22302182324879,"31 tentacle middle 1.txt",46,596188,1.24571925567717,176,127,78,0.721590909090909,49,93.3776936993953,0.000367747403502219,33.6223063006047,596188,0.205063047321607,1838,453,886,1385,975.160233065276,0.00384045299793795,409.839766934724,82.6223063006047,25.7885670745399,862.839766934724,366.916771512684,0.530555077837473,"True","True",98,952,0.265277538918737,46.6888468496977,129.311153150302,487.580116532638,1350.41988346736,28.5799628859714,602.077373889483
"47","31 tentacle middle 2.txt",47,47,1,545123.125,88964.336,3311520,443998,138970529792,41965.781,7387.065,42816,10959,59458,718.669,551.552,8.515,99.72,48.591,97.996,717.749,547.751,8.495,420,164,1,560,825,16,1618064,15929,1602135,2.93903326886013,"31 tentacle middle 2.txt",47,663758,1.2176295034264,289,212,134,0.73356401384083,77,139.820087150312,0.000530155457998594,72.1799128496883,663758,0.200439073295647,2003,648,1051,1355,969.064479453544,0.00367439924695912,385.935520546456,149.179912849688,72.1856101776974,1033.93552054646,297.75860575286,0.483806529931874,"True","True",155,952,0.241903264965937,69.9100435751558,219.089956424844,484.532239726772,1518.46776027323,77.5025074552349,594.916512193867
"48","31 tentacle middle 3.txt",48,48,1,566997.062,93788.453,3444400,460006,148176404480,43019.512,6903.604,44297,10728,59330,615.746,522.944,8.5,105.304,54.261,101.419,620.142,520.946,8.494,240,117,1,700,855,16,1696313,16059,1680254,2.96342629020536,"31 tentacle middle 3.txt",48,654653,1.15459681164979,231,140,80,0.606060606060606,91,112.686875508071,0.000407409518464136,27.3131244919289,654653,0.190063000812914,2093,878,1272,1215,1021.01138717919,0.00369137715214475,193.988612820811,118.313124491929,12.9255337912345,1071.98861282081,71.9616222967557,0.487821971896412,"True","True",151,821,0.243910985948206,56.3434377540355,174.656562245964,510.505693589595,1582.49430641041,13.1367216418702,249.766255998986
"49","31 tentacle tip 1.txt",49,49,1,398224.062,67643.93,2419136,326052,112992059392,46707.609,5683.199,48565,14089,58913,618.994,619.594,8.538,85.599,41.486,83.843,621.157,622.969,8.511,330,289,1,535,697,16,860540,6526,854014,2.14455649844685,"31 tentacle tip 1.txt",49,351565,0.882832137853086,147,90,58,0.612244897959184,57,51.8945846781661,0.000369138919586431,38.1054153218339,351565,0.145326678615836,1491,698,954,793,526.359358878542,0.0037441233272338,266.640641121458,95.1054153218339,43.2477429142487,964.640641121458,208.776892343993,0.353024385565756,"True","True",89,537,0.176512192782878,25.947292339083,121.052707660917,263.179679439271,1227.82032056073,48.0817456716466,345.956760861266
"50","31 tentacle tip 2.txt",50,50,1,411446.875,76723.484,2499462,381426,114229026816,45701.445,7148.916,48666,11275,60361,580.294,386.699,7.5,98.12,45.481,96.5,598.634,396.414,7.517,204,57,1,810,551,14,899559,10131,889428,2.16170799693156,"31 tentacle tip 2.txt",50,363955,0.884573494451744,179,86,54,0.480446927374302,93,63.6967523411038,0.000435050090002506,22.3032476588962,363955,0.145613335989905,1819,1014,1249,805,647.287108985854,0.00442098387550033,157.712891014146,115.303247658896,12.1235669468502,1171.71289101415,59.6552841596658,0.355847778441921,"True","True",125,570,0.17792388922096,31.8483761705519,147.151623829448,323.643554492927,1495.35644550707,18.7418221961833,228.112386698961
"51","31 tentacle tip 3.txt",51,51,1,581571.188,101309.172,3532935,499528,159449202688,45132.223,6343.095,46863,11379,59129,423.785,586.878,8,120.058,61.565,119.727,435.416,598.451,7.998,57,117,1,807,889,15,1528138,29946,1498192,2.57611111229946,"31 tentacle tip 3.txt",51,620448,1.06684789893684,231,144,93,0.623376623376623,87,97.9588789490891,0.000397199869536866,46.0411210509109,620448,0.175618289042963,2253,1156,1462,1097,955.417118061895,0.00387398833795047,141.582881938105,133.041121050911,37.5728429440164,1297.58288193811,36.4296133936908,0.424064411035018,"True","True",138,791,0.212032205517509,48.9794394745445,182.020560525455,477.708559030947,1775.29144096905,50.2098424038529,260.750752490816
"52","32 tentacle base 1.txt",52,52,1,1257681.625,206524.703,7640178,1124166,366488649728,47968.602,5892.384,50101,12747,60215,558.238,471.841,7.571,122.323,47.682,124.32,555.49,470.793,7.55,60,112,1,962,734,14,1634675,8712,1625963,1.2928255988474,"32 tentacle base 1.txt",52,730462,0.580800407257282,315,64,17,0.203174603174603,251,67.037488524482,0.000250460842981625,-3.03748852448201,730462,0.0956079819082749,5308,3783,4315,1525,1129.63488599349,0.00422046398268719,395.365114006506,247.962511475518,0.174838102082443,4178.36511400651,175.785529957038,0.212817423887245,"False","True",298,993,0.106408711943622,33.518744262241,281.481255737759,564.817442996747,4743.18255700325,9.11018913234163,363.254427422086
"53","32 tentacle base 2.txt",53,53,1,575210.5,98055.117,3494295,491750,161136459776,46114.156,6164.308,47907,13570,59551,329.263,402.919,8,93.431,44.253,89.762,331.802,405.158,8.033,4,2,1,781,723,15,968416,5769,962647,1.67355602861909,"32 tentacle base 2.txt",53,449813,0.781997199286174,210,67,23,0.319047619047619,143,57.8531205865561,0.000365083738909495,9.14687941344391,449813,0.128727826356962,2421,1485,1837,936,666.963833047868,0.00420889396142803,269.036166952132,152.146879413444,1.99606814167819,1754.03616695213,149.787404253289,0.275491050412172,"False","True",187,584,0.137745525206086,28.926560293278,181.073439706722,333.481916523934,2087.51808347607,1.40822860933504,218.258122784978
"54","32 tentacle base 3.txt",54,54,1,914348.75,138282.75,5554496,724496,254079926272,45743.109,5873.035,47898,12515,59387,549.154,668.751,8.637,98.367,38.657,99.905,558.076,674.065,8.617,198,216,1,680,806,16,1481385,6864,1474521,1.61264615935659,"32 tentacle base 3.txt",54,645641,0.70612116000596,225,76,36,0.337777777777778,149,59.729492108735,0.000246076784159217,16.270507891265,645641,0.116237548825312,3492,2150,2638,1342,927.001717527567,0.00381911169015105,414.998282472433,165.270507891265,6.03393398219171,2564.99828247243,252.929343195224,0.265464409372155,"True","True",189,854,0.132732204686078,29.8647460543675,195.135253945633,463.500858763783,3028.49914123622,1.45329252845034,379.34678115573
"55","32 tentacle middle 1.txt",55,55,1,1087285.625,171038.578,6605055,917984,297198714880,44995.645,6569.544,47013,11760,60853,472.682,414.391,8.149,123.16,55.436,119.977,471.384,421.771,8.104,2,144,1,1007,638,15,1932629,11109,1921520,1.76726331684924,"32 tentacle middle 1.txt",55,870807,0.80089994751839,367,146,55,0.397820163487738,221,106.766384231471,0.000337537801992002,39.2336157685288,870807,0.131839477491103,4325,2511,3177,1814,1258.21420109295,0.00397779562293027,555.785798907049,260.233615768529,20.3322200943595,3066.78579890705,346.228629898027,0.290916578287387,"True","True",312,1148,0.145458289143694,53.3831921157356,313.616807884264,629.107100546475,3695.89289945352,0.0573032206248716,500.838380872985
"56","32 tentacle middle 2.txt",56,56,1,769382.938,123867.359,4673856,617216,213385199616,45655.066,6160.988,47731,10900,59334,614.974,376.095,8.549,121.357,62.839,117.682,616.948,378.521,8.559,30,5,1,986,856,16,1324961,8942,1316019,1.71048633261997,"32 tentacle middle 2.txt",56,611568,0.794881157086434,275,120,53,0.436363636363636,155,77.4318303773159,0.000357429293551607,42.5681696226841,611568,0.130848703939531,3008,1729,2200,1279,846.963439181695,0.00390962660001176,432.036560818305,197.568169622684,32.5736289485835,2161.03656081831,306.755285461826,0.281570292281149,"True","True",222,808,0.140785146140574,38.7159151886579,236.284084811342,423.481719590847,2584.51828040915,6.13357293777288,406.347449903835
"57","32 tentacle middle 3.txt",57,57,1,873064.812,150284.594,5303704,790432,235956535296,44489.008,6529.102,45930,12372,59496,494.363,466.301,7.637,122.549,58.836,119.011,501.065,464.038,7.58,116,12,1,825,972,14,2062089,11627,2050462,2.34857936297174,"32 tentacle middle 3.txt",57,928931,1.06398859194889,284,138,69,0.485915492957746,146,109.797079173348,0.000325290855955377,28.2029208266525,928931,0.175147594963822,3765,1884,2551,1881,1455.58451791427,0.00431239462208448,425.415482085727,174.202920826652,11.810282796056,2309.41548208573,202.69921280679,0.38660943370897,"True","True",215,1214,0.193304716854485,54.8985395866738,229.101460413326,727.792258957136,3037.20774104286,4.4901192579697,402.649151844631
"58","32 tentacle tip 1.txt",58,58,1,593756.75,101652.742,3606960,511907,170518724608,47274.914,4956.265,48783,10611,60072,470.114,533.688,8,116.767,59.688,115.576,474.486,537.042,8.015,1,232,1,999,592,15,834488,9404,825084,1.38959936034411,"32 tentacle tip 1.txt",58,358297,0.603440718779197,218,78,29,0.357798165137615,140,49.8670104464702,0.000367153720778753,28.1329895535298,358297,0.0993348969769557,2425,1602,1905,823,554.713304278395,0.0040841640958187,268.286695721605,168.13298955353,20.5788923569024,1870.2866957216,168.241545629587,0.228747754341606,"True","True",189,520,0.114373877170803,24.9335052232351,193.066494776765,277.356652139198,2147.6433478608,0.748870429890125,239.688818320649
"59","32 tentacle tip 2.txt",59,59,1,601068.25,99660.281,3651376,485220,171040620544,46842.785,5630.736,48651,13890,60544,657.928,457.866,8.5,111.498,57.823,108.162,652.449,451.556,8.52,216,62,1,804,864,16,1057918,10761,1047157,1.74215989615156,"32 tentacle tip 2.txt",59,451081,0.750465525337597,222,112,67,0.504504504504504,110,63.6660957403456,0.000369342416605768,48.3339042596544,451081,0.123537263760292,2245,1214,1579,1031,643.830562779621,0.00373501678054031,387.169437220379,158.333904259654,51.4487219142883,1601.16943722038,326.444682758068,0.286784215046602,"True","True",155,666,0.143392107523301,31.8330478701728,190.166952129827,321.91528138981,1923.08471861019,45.3533286085252,429.345688279113
"60","32 tentacle tip 3.txt",60,60,1,653442.562,113111.758,3969540,559159,185709985792,46783.754,5012.532,47969,12319,60356,532.696,597.532,8.016,125.658,63.858,123.503,527.904,603.063,8.001,2,122,1,1003,854,15,1872869,23915,1848954,2.82955856799545,"32 tentacle tip 3.txt",60,762130,1.16633051521367,211,148,103,0.701421800947867,63,98.2807312686105,0.000322905198207765,49.7192687313895,762130,0.191994538409992,2544,833,1310,1711,1184.95820069832,0.00389322665516851,526.041799301682,112.71926873139,47.0831356465501,1359.04179930168,437.141231012243,0.465785456249339,"True","True",108,1234,0.232892728124669,49.1403656343052,161.859634365695,592.479100349159,1951.52089965084,76.9541983417502,905.508401331354
"61","39 tentacle base 1.txt",61,61,1,442143.125,72120.016,2685936,360536,120177917952,44743.402,6498.406,46446,12396,60555,680.454,411.214,8.562,82.412,38.642,80.147,685.124,411.219,8.518,266,241,1,747,385,16,842094,2628,839466,1.89862954444898,"39 tentacle base 1.txt",61,355150,0.803246686239891,262,86,33,0.32824427480916,176,81.8858275104098,0.000592568300140367,4.11417248959023,355150,0.13222578646699,1977,1231,1574,746,617.894202244581,0.00447140278388361,128.105797755419,180.11417248959,0.300683539334811,1359.10579775542,38.6346386446072,0.31254132637561,"False","True",229,403,0.156270663187805,40.9429137552049,221.057086244795,308.94710112229,1668.05289887771,1.82632387864313,33.9357222864455
"62","39 tentacle base 2.txt",62,62,1,516586.594,79875.672,3138166,398191,135783849984,43268.535,7061.343,44502,10487,58547,638.898,548.312,8.999,90.88,44.653,88.025,640.04,547.827,9.009,496,125,1,290,868,17,1092447,6306,1086141,2.10253423649627,"39 tentacle base 2.txt",62,465867,0.901817827661242,324,122,46,0.376543209876543,202,112.138645310669,0.000627193976311356,9.86135468933128,465867,0.148451993935311,2073,1144,1499,929,717.479665830297,0.00401287997806618,211.520334169703,211.861354689331,1.3262063993959,1355.5203341697,95.3647590745513,0.3461069299712,"False","True",278,574,0.1730534649856,56.0693226553344,267.930677344666,358.739832915149,1714.26016708485,2.18674314240505,156.196145604231
"63","39 tentacle base 3.txt",63,63,1,450239.188,68570.258,2735118,327518,119208960000,43584.578,7000.389,45151,10655,59277,262.943,735.646,9.48,75.254,35.243,70.819,263.465,735.888,9.511,0,410,1,536,606,18,894453,4503,889950,1.97661603814015,"39 tentacle base 3.txt",63,368945,0.819442220564772,244,97,29,0.397540983606557,147,79.3924795932022,0.000541934168555759,17.6075204067978,368945,0.13489180357118,1660,939,1230,721,540.129164445556,0.00368692917951869,180.870835554444,164.607520406798,5.78838205107723,1119.87083555444,89.7800029610684,0.325379014726238,"True","True",215,430,0.162689507363119,39.6962397966011,204.303760203399,270.064582222778,1389.93541777722,3.44212277985637,113.118889403313
"64","39 tentacle middle 1.txt",64,64,1,535333.188,89704.992,3252048,435836,146562826240,45067.855,7261.549,47254,11526,60912,530.47,322.865,8.522,105.463,54.384,102.815,528.584,321.038,8.52,110,20,1,882,677,16,918044,9559,908485,1.69704591526278,"39 tentacle middle 1.txt",64,392771,0.733694470666743,268,85,22,0.317164179104478,183,74.8678924788318,0.000500622800916277,10.1321075211682,392771,0.120776507603824,2287,1476,1805,811,638.891306339882,0.00427210576752062,172.108693660118,193.132107521168,1.90276119608362,1648.10869366012,64.3367253676579,0.279357807756835,"False","True",246,482,0.139678903878418,37.4339462394159,230.566053760584,319.445653169941,1967.55434683006,7.39652588645139,96.14785932598
"65","39 tentacle middle 2.txt",65,65,1,548670.75,87632.898,3333071,428411,145829199872,43752.203,7414.874,45164,10780,60060,343.995,503.051,8.975,115.631,60.028,114.486,344.308,506.223,9.004,156,2,1,452,1016,17,1050754,12305,1038449,1.89266331401847,"39 tentacle middle 2.txt",65,449873,0.819932536954084,264,108,46,0.409090909090909,156,82.2516340035961,0.000481162883204545,25.7483659964039,449873,0.134972522337508,2072,1204,1557,868,645.550703240345,0.00377639959848415,222.449296759655,181.748365996404,11.7081485739793,1426.44929675965,111.343566303406,0.311559219710591,"True","True",218,515,0.155779609855296,41.125817001798,222.874182998202,322.775351620173,1749.22464837983,0.684279114884139,135.60070582523
"66","39 tentacle middle 3.txt",66,66,1,450393.25,71670.391,2736054,335014,119084359680,43524.125,8007.164,45102,11160,59740,676.751,266.013,9.48,90.689,43.596,90.096,677.359,267.177,9.493,244,88,1,777,520,18,948940,7879,941061,2.08942074509332,"39 tentacle middle 3.txt",66,386882,0.85898711847924,186,79,35,0.424731182795699,107,63.9743755057466,0.000412972441305459,15.0256244942534,386882,0.141401448948011,1619,809,1137,810,556.852225504321,0.0035946364649115,253.147774495679,122.025624494253,5.37923989214345,1062.14777449568,175.416391561021,0.34394825540724,"True","True",151,482,0.17197412770362,31.9871877528733,154.012812247127,278.426112752161,1340.57388724784,0.342707942657087,179.758844717237
"67","39 tentacle tip 1.txt",67,67,1,462455.188,82374.539,2809328,379894,125412704256,44641.531,8115.628,47521,10390,60264,502.054,484.838,8.562,121.09,64.107,122.396,508.157,489.378,8.496,18,84,1,959,773,16,788210,8397,779813,1.68624554386013,"39 tentacle tip 1.txt",67,314592,0.680264830329896,218,89,45,0.408256880733945,129,60.5124193401411,0.000471397025391355,28.4875806598589,314592,0.111981228251027,1831,1176,1451,655,508.24880647614,0.00395930253895216,146.75119352386,157.487580659859,18.5642240474378,1322.75119352386,58.6539276120304,0.277579905230005,"True","True",173,380,0.138789952615003,30.2562096700706,187.743790329929,254.12440323807,1576.87559676193,8.34247057233124,72.3981760982674
"68","39 tentacle tip 3.txt",68,68,1,512827.781,80590.156,3115332,382212,137173721088,44031.816,7987.346,46629,11838,60546,532.786,621.358,9.5,108.217,45.223,105.385,539.467,624.1,9.48,221,216,1,787,624,18,787797,11196,776601,1.51435048718626,"39 tentacle tip 3.txt",68,326639,0.636937022723424,163,55,27,0.337423312883436,108,40.6332175832303,0.000317845495191689,14.3667824167697,326639,0.104848857200452,1773,1114,1373,659,441.979722546425,0.00345730099984579,217.020277453575,122.36678241677,6.76646561182325,1331.02027745357,141.945734894452,0.249283543455401,"True","True",136,400,0.1246417717277,20.3166087916151,142.683391208385,220.989861273213,1552.01013872679,2.51163617512414,165.652155184309
"69","40 tentacle base 1.txt",69,69,1,400456.906,81388.977,2432700,424850,104938250240,43136.535,6601.259,43652,12303,58995,522.28,728.636,6.5,87.104,40.704,84.285,518.82,727.034,6.499,152,489,1,788,428,12,1258276,6252,1252024,3.12648872136069,"40 tentacle base 1.txt",69,540680,1.35015776204394,170,103,60,0.605882352941176,67,87.4929419986024,0.000424515091269271,15.5070580013976,540680,0.222255107493731,1777,567,964,1210,914.558576067744,0.00443743127756174,295.441423932256,82.5070580013976,5.66296167232918,862.441423932256,196.647789486215,0.514664364697661,"True","True",110,813,0.257332182348831,43.7464709993012,126.253529000699,457.279288033872,1319.72071196613,8.13125744653941,372.599416088821
"70","40 tentacle base 2.txt",70,70,1,421322.719,85378.75,2559456,443406,119546658816,46707.84,6499.034,49251,8982,58489,635.064,580.422,6.5,83.515,36.704,81.242,640.074,582.419,6.527,280,342,1,724,539,12,638959,1078,637881,1.5139962105865,"40 tentacle base 2.txt",70,292646,0.694588700781645,139,39,11,0.280575539568345,100,34.6423064119875,0.000329913374550305,4.35769358801245,292646,0.114339140817424,1926,1317,1550,609,480.007785248115,0.00457131769340926,128.992214751885,104.357693588012,0.730124477298812,1445.99221475188,46.1709750120328,0.249225225985522,"False","True",128,376,0.124612612992761,17.3211532059938,121.678846794006,240.003892624058,1685.99610737594,2.63521191253367,88.0307465699806
"71","40 tentacle base 3.txt",71,71,1,393254.188,69333.82,2388945,340444,99848732672,41796.164,6239.417,42041,9017,58829,290.805,655.311,8.065,78.704,39.886,72.011,288.095,661.546,7.999,72,238,1,426,780,15,1075435,11812,1063623,2.70467049673226,"40 tentacle base 3.txt",71,460280,1.17043890197553,155,103,49,0.664516129032258,52,69.0101969697921,0.000394147105688293,33.9898030302079,460280,0.19267082331322,1531,546,874,985,681.642655230656,0.00389315625037921,303.357344769344,85.9898030302079,30.1764934518439,849.357344769344,243.353173018705,0.445227077224465,"True","True",106,657,0.222613538612233,34.5050984848961,120.494901515104,340.821327615328,1190.17867238467,7.8326783693574,377.312685204052
"72","40 tentacle middle 1.txt",72,72,1,443845.562,86290.812,2696278,435888,113048313856,41927.543,7047.803,42231,11994,59637,712.994,502.266,6.94,94.305,42.829,91.648,713.518,499.458,6.996,409,85,1,537,849,13,1334831,10386,1324445,2.98402217661467,"40 tentacle middle 1.txt",72,578093,1.30246430176089,195,136,88,0.697435897435897,59,95.7864044434587,0.000439342006983952,40.2135955565413,578093,0.214404078511192,1843,508,904,1335,905.304325073305,0.00415234522498166,429.695674926695,99.2135955565413,33.1822142017916,937.695674926695,400.858218317589,0.491212330479275,"True","True",107,939,0.245606165239638,47.8932022217294,147.106797778271,452.652162536652,1390.34783746335,44.5209036119488,692.677766984831
"73","40 tentacle middle 2.txt",73,73,1,318680.031,63684.391,1935921,315401,88562343936,45746.879,7033.14,47929,7680,59017,650.754,454.715,7,74.087,33.311,72.172,652.913,452.534,7.001,449,84,1,380,736,13,510139,828,509311,1.59818925083511,"40 tentacle middle 2.txt",73,233446,0.732540408219052,108,37,11,0.342592592592593,71,28.4131366930779,0.000338897921093776,8.58686330692213,233446,0.12058653219837,1438,873,1076,565,378.315653376352,0.00451236306048935,186.684346623648,79.5868633069221,3.52153723865539,1059.68434662365,125.009743466555,0.26308459900998,"False","True",97,362,0.13154229950499,14.2065683465389,93.7934316534611,189.157826688176,1248.84217331182,0.833380140358865,181.855504489259
"74","40 tentacle middle 3.txt",74,74,1,348971.344,60936.086,2119935,302132,87953285120,41488.672,6985.931,41798,7825,57982,802.923,652.732,8.006,69.687,29.167,69.481,800.446,648.695,7.983,620,332,1,400,592,15,1114218,8991,1105227,3.16709958855533,"40 tentacle middle 3.txt",74,461188,1.32156409954394,145,109,63,0.751724137931034,36,75.5956739239647,0.000415506896176553,33.4043260760353,461188,0.217548179543241,1363,386,696,977,710.599334885268,0.00390576482405959,266.400665114732,69.4043260760353,30.8382657337742,652.400665114732,208.654268502579,0.521349475337687,"True","True",82,667,0.260674737668844,37.7978369619823,107.202163038018,355.299667442634,1007.70033255737,22.7286237883692,369.865807245649
"75","40 tentacle tip 1.txt",75,75,1,324064.219,63707.57,1968629,321170,92785180672,47131.879,6432.072,49692,10189,60389,424.048,594.869,7,81.311,38.147,80.121,421.981,611.125,7.011,269,230,1,399,728,13,586169,2827,583342,1.80008148323219,"40 tentacle tip 1.txt",75,241691,0.745812051530441,118,54,34,0.457627118644068,64,34.9656314115052,0.000364125358745638,19.0343685884948,241691,0.122771228098336,1301,717,869,584,385.510902257358,0.00401463637057691,198.489097742642,83.0343685884948,14.7251488776904,915.489097742642,145.231482481489,0.296318910266993,"True","True",84,432,0.148159455133496,17.4828157057526,100.517184294247,192.755451128679,1108.24454887132,18.3190244525055,348.593372933442
"76","40 tentacle tip 2.txt",76,76,1,310736.406,60459.523,1887665,308329,87304863744,46250.188,7193.95,49443,9172,58931,784.387,350.984,7,76.503,36.326,73.844,790.174,367.723,7.011,642,5,1,296,695,13,595214,10676,584538,1.88113780269442,"40 tentacle tip 2.txt",76,251069,0.807980639384752,114,51,35,0.447368421052632,63,35.3014607994533,0.000366870433585436,15.6985392005467,251069,0.133005061809166,1244,644,798,600,385.219449425613,0.00400339315245861,214.780550574387,78.6985392005467,10.1126269513305,858.780550574387,173.468201871864,0.30966193683731,"True","True",79,446,0.154830968418655,17.6507303997266,96.3492696002733,192.609724712807,1051.39027528719,20.1769786640151,394.419248029582
"77","40 tentacle tip 3.txt",77,77,1,306933,55184.094,1864560,267848,87633707008,46999.672,6255.729,49315,8558,59571,293.353,725.309,8,72.986,34.342,71.656,304.384,721.973,8.009,5,530,1,588,451,15,396765,5580,391185,1.27449638846263,"40 tentacle tip 3.txt",77,170944,0.55694239459426,130,43,26,0.330769230769231,87,27.2740217531214,0.000423545203676372,15.7259782468786,170944,0.0916806109752435,1115,737,840,378,233.927186574849,0.00363271463153196,144.072813425151,102.725978246879,11.4749083429354,881.072813425151,112.291386212539,0.209800167331703,"True","True",104,275,0.104900083665851,13.6370108765607,116.362989123439,116.963593287424,998.036406712576,12.5214974936464,238.556950530674
"78","47 tentacle base 1.txt",78,78,1,357892.281,59541.449,2174128,292080,88292982784,40610.758,9665.031,42235,10004,59359,442.439,260.483,8.5,68.282,30.311,65.466,448.066,258.924,8.501,217,5,1,445,551,16,839335,10376,828959,2.31622486431888,"47 tentacle base 1.txt",78,335291,0.936848928574685,169,65,29,0.384615384615385,104,64.4369011392154,0.000472209122610275,0.563098860784649,335291,0.154218610863758,1489,765,1008,724,567.731040214744,0.00416046972524674,156.268959785256,104.563098860785,0.00795321842546303,921.268959785256,69.5202078561326,0.381283438693582,"False","True",140,481,0.190641719346791,32.2184505696077,136.781549430392,283.865520107372,1205.13447989263,0.397235653910958,169.149891864526
"79","47 tentacle base 2.txt",79,79,1,408359.688,64276.184,2480708,310118,106453983232,42912.742,9067.106,46027,9595,58935,554.855,573.832,8.961,63.514,23.414,65.659,555.603,575.393,9.023,285,324,1,560,481,17,779113,6597,772516,1.89175382071504,"47 tentacle base 2.txt",79,318080,0.778921155410423,125,43,20,0.344,82,38.9261855889528,0.000306102692487119,4.07381441104717,318080,0.128221459357571,1569,985,1209,584,488.601481512536,0.00384220099609832,95.3985184874641,86.0738144110472,0.619155300210599,1080.39851848746,27.0500109150285,0.311409484711623,"False","True",105,360,0.155704742355811,19.4630927944764,105.536907205524,244.300740756268,1324.69925924373,0.0175425313661512,64.8996004564625
"80","47 tentacle base 3.txt",80,80,1,365828.656,62473.941,2222340,314044,92865036288,41787.051,9615.697,44228,10368,58213,274.54,361.837,8.03,65.378,25.385,66.035,274.131,363.854,8.003,53,108,1,476,492,15,873277,10846,862431,2.35747251030001,"47 tentacle base 3.txt",80,342421,0.936014700827592,130,60,27,0.461538461538462,70,50.4495396743973,0.000355357618567748,9.55046032560274,342421,0.154081283691964,1502,776,1064,726,582.886219930344,0.00410574725452891,143.113780069656,79.5504603256027,2.95455485029714,919.113780069656,57.4221927715825,0.388073382110748,"False","True",103,438,0.194036691055374,25.2247698371986,104.775230162801,291.443109965172,1210.55689003483,0.155012547382751,91.4415159663904
"81","47 tentacle middle 1.txt",81,81,1,397570.875,66065.266,2415168,326270,96615153664,40003.492,10379.744,41412,9481,60102,369.993,421.954,8.537,81.911,39.195,80.291,373.023,430.641,8.485,190,40,1,306,785,16,963709,14469,949240,2.38759944374698,"47 tentacle middle 1.txt",81,383442,0.964461996870369,201,89,35,0.442786069651741,112,78.9995727005326,0.000505570233231999,10.0004272994674,383442,0.15876411081962,1548,754,1014,794,608.414619604102,0.00389364537832405,185.585380395898,122.000427299467,2.08567712211188,939.585380395898,93.265835970934,0.39303270000265,"False","True",166,534,0.196516350001325,39.4997863502663,161.500213649734,304.207309802051,1243.79269019795,0.637987247112753,216.03580208882
"82","47 tentacle middle 2.txt",82,82,1,360984.875,57403.875,2192915,277130,89642721280,40878.34,9681.475,43414,10622,59259,740.064,701.965,8.941,61.05,23.156,62.221,741.12,709.291,9.003,565,441,1,416,521,17,746777,5280,741497,2.05409437168247,"47 tentacle middle 2.txt",82,289950,0.803219248451892,108,48,18,0.444444444444444,60,36.5183675609862,0.00029918151002864,11.4816324390138,289950,0.132221267126177,1340,733,954,607,453.098264182606,0.00371206688368869,153.901735817394,71.4816324390138,5.4541266363045,886.901735817394,78.981237005553,0.338133032972094,"True","True",90,386,0.169066516486047,18.2591837804931,89.7408162195069,226.549132091303,1113.4508679087,0.0044275963514153,135.059492192595
"83","47 tentacle middle 3.txt",83,83,1,323456.969,56295.156,1964940,280738,78919606272,40163.875,10590.801,41971,9350,58571,225.346,256.832,8,66.049,28.536,63.944,225.095,254.693,7.991,49,14,1,352,576,15,735104,7990,727114,2.24794661944662,"47 tentacle middle 3.txt",83,306304,0.9469698579906,134,58,20,0.432835820895522,76,49.5858784492147,0.000414274580060138,8.41412155078527,306304,0.155884658055717,1410,797,1024,613,521.761855323827,0.00435915789466264,91.2381446761733,84.4141215507853,2.26646618888212,888.238144676173,25.3262131638737,0.370043869023991,"False","True",114,386,0.185021934511995,24.7929392246074,109.207060775393,260.880927661913,1149.11907233809,1.13692000466383,73.6306748992275
"84","47 tentacle tip 1.txt",84,84,1,506566.531,82249.023,3077296,417142,119690887168,38894.824,11318.541,39947,9752,58699,791.006,530.293,8.544,108.585,56.285,106.817,790.776,525.055,8.494,684,4,1,234,1010,16,1174172,25332,1148840,2.26789558665099,"47 tentacle tip 1.txt",84,484294,0.956032367641754,199,68,43,0.341708542713568,131,74.2922227825988,0.000392840797450947,-6.29222278259876,484294,0.157376475971112,1897,952,1245,945,708.202746827085,0.00374481905911782,236.797253172915,124.707777217401,0.850402184807504,1188.79725317292,126.344183079242,0.373327752676376,"False","True",156,652,0.186663876338188,37.1461113912994,161.853888608701,354.101373413542,1542.89862658646,1.13424138685023,308.133792444197
"85","47 tentacle tip 2.txt",85,85,1,389120.406,63687.488,2363833,302608,96143933440,40672.895,10528.546,43577,9803,60056,739.796,478.321,8.941,83.552,40.555,82.578,728.38,454.634,8.994,485,140,1,479,682,17,687983,15386,672597,1.72850611180746,"47 tentacle tip 2.txt",85,277894,0.714159411110401,137,55,21,0.401459854014599,82,38.9815139225148,0.000352076112914006,16.0184860774852,277894,0.117560758310761,1495,855,1068,640,425.382213971968,0.00384199845844116,214.617786028032,98.0184860774852,9.20019031288724,1069.61778602803,151.343812576524,0.284536597974561,"True","True",116,427,0.14226829898728,19.4907569612574,117.509243038743,212.691106985984,1282.30889301402,0.136250528376586,251.755862707112
"86","47 tentacle tip 3.txt",86,86,1,247966.891,43741.453,1506352,203974,62746804224,41654.809,9807.802,45144,10690,59248,269.857,717.608,8.5,58.292,25.374,57.282,279.914,726.302,8.482,21,506,1,484,411,16,423231,6365,416866,1.68113572872114,"47 tentacle tip 3.txt",86,178255,0.718866132817708,97,39,10,0.402061855670103,58,26.8436607114406,0.000391181256533155,12.1563392885594,178255,0.118335555036273,1023,682,810,341,283.103761936121,0.0041255507776641,57.8962380638788,70.1563392885594,7.61147279415919,739.896238063879,16.37042162454,0.276738770221037,"True","True",87,213,0.138369385110519,13.4218303557203,83.5781696442797,141.551880968061,881.448119031939,1.0124744732406,41.8547578264772
"87","48 tentacle base 1.txt",87,87,1,411719.781,66263.344,2501120,335474,117636603904,47033.57,9047.796,51405,11153,59981,697.638,535.085,8.553,74.569,33.149,72.27,704.773,535.683,8.51,368,365,1,648,336,16,418117,1307,416810,1.01236330930624,"48 tentacle base 1.txt",87,198579,0.482315907964597,93,9,2,0.0967741935483871,84,15.4983887218526,0.000225881787302321,-6.49838872185261,198579,0.0793960305783009,1823,1503,1652,320,303.80174881653,0.00442776879841,16.1982511834698,77.5016112781474,3.26961818692646,1519.19825118347,1.03637804881121,0.166649341095189,"False","False",91,171,0.0833246705475947,7.7491943609263,85.2508056390737,151.900874408265,1671.09912559173,4.65309462914536,2.61969753800322
"88","48 tentacle base 2.txt",88,88,1,573568.438,86683.234,3484320,441075,161721090048,46413.961,8787.248,50714,9704,60555,159.596,578.435,8.959,92.908,46.079,87.007,161.114,587.996,9.078,8,110,1,308,879,17,557607,4160,553447,0.964918854199575,"48 tentacle base 2.txt",88,266329,0.464336916669742,146,19,5,0.13013698630137,127,23.1905399044864,0.000254546781739061,-4.19053990448639,266329,0.0764364352298296,2255,1843,2022,412,358.182654004225,0.00393152734809303,53.8173459957754,122.809460095514,0.900223063363966,1896.81734599578,9.61304636579693,0.15883931441429,"False","True",141,233,0.0794196572071452,11.5952699522432,134.404730047757,179.091327002112,2075.90867299789,4.07495288477134,17.6271066188566
"89","48 tentacle base 3.txt",89,89,1,509195.094,81575.812,3093264,408526,133129011200,43038.359,10103.015,47737,10438,60041,344.699,690.376,8.542,77.174,32.043,75.572,344.564,692.285,8.535,14,422,1,624,564,16,761949,3657,758292,1.48919738020885,"48 tentacle base 3.txt",89,359635,0.706281353134954,92,20,10,0.217391304347826,72,22.5531555017612,0.000180677310296316,-2.55315550176125,359635,0.116263920570633,2006,1470,1707,536,491.756847136229,0.00393955091798273,44.2431528637711,69.4468444982388,0.382897498488177,1514.24315286377,5.27323384485965,0.245142994584361,"False","True",82,299,0.122571497292181,11.2765777508806,80.7234222491194,245.878423568114,1760.12157643189,0.164704507659567,13.0800604527999
"90","48 tentacle middle 1.txt",90,90,1,496770.844,78132.617,3017789,386699,141414809600,46860.402,9272.085,51240,11467,60601,450.547,483.61,9,96.24,48.697,93.792,445.027,485,9.017,64,341,1,884,360,17,462946,2586,460360,0.926704949697088,"48 tentacle middle 1.txt",90,222889,0.448675687577188,115,12,4,0.104347826086957,103,17.5431085473504,0.000231495067371546,-5.5431085473504,222889,0.0738583777726011,2253,1887,2050,366,343.692378758091,0.00453529031989647,22.3076212419092,97.4568914526496,2.06673836536764,1909.30762124191,1.7085272415994,0.15254876997696,"False","False",111,203,0.07627438498848,8.7715542736752,106.228445726325,171.846189379045,2081.15381062095,2.80996036635329,6.11419742820719
"91","48 tentacle middle 2.txt",91,91,1,618228.75,94029.625,3755623,478168,172550799360,45944.652,9117.331,50555,10829,60365,186.386,515.65,8.941,109.952,55.854,107.983,188.385,511.801,9.083,26,22,1,318,996,17,546614,3785,542829,0.878039075342258,"48 tentacle middle 2.txt",91,267531,0.432737882215927,273,44,14,0.161172161172161,229,39.458784068582,0.000441584122381885,4.54121593141804,267531,0.071234785813166,2522,2059,2264,463,364.524005204995,0.00407939617819456,98.4759947950047,233.541215931418,0.610941627232831,2157.475994795,31.098090993936,0.144537670580886,"False","True",259,258,0.0722688352904432,19.729392034291,253.270607965709,182.262002602498,2339.7379973975,1.79341679044092,33.9241794421165
"92","48 tentacle middle 3.txt",92,92,1,344289.375,55191.48,2091493,268213,86099468288,41166.512,10888.308,45078,10527,59164,369.234,724.517,8.942,69.179,31.473,67.208,369.451,727.114,9.001,196,394,1,336,619,17,562763,10356,552407,1.60448459961914,"48 tentacle middle 3.txt",92,256089,0.743819062089848,65,23,13,0.353846153846154,42,17.1678580803283,0.000188794673085686,5.83214191967173,256089,0.12244315424436,1338,923,1099,415,353.393755561219,0.00388626573213304,61.6062444387813,47.8321419196717,2.69236279373853,984.606244438781,14.5943287792703,0.264120893543512,"False","True",52,239,0.132060446771756,8.58392904016413,56.4160709598359,176.696877780609,1161.30312221939,2.61755904793077,25.3105315814286
"93","48 tentacle tip 1.txt",93,93,1,354968.25,59503.348,2156365,279535,97113006080,45035.516,9445.354,48671,11262,61268,563.183,503.922,8.941,87.09,42.247,87.452,566.084,505.13,8.989,189,336,1,748,397,17,377171,4146,373025,1.05086863402572,"48 tentacle tip 1.txt",93,171832,0.484077097036143,104,21,8,0.201923076923077,83,17.9907390446423,0.000292983949972991,3.00926095535774,171832,0.0796859529810584,1490,1202,1342,288,257.751934389586,0.00419755851403611,30.2480656104138,86.0092609553577,0.608637657903084,1232.24806561041,4.29221435621271,0.172987875429252,"False","True",96,148,0.0864939377146262,8.99536952232113,95.0046304776789,128.875967194793,1361.12403280521,0.120569715237286,3.10653026191703
"94","48 tentacle tip 2.txt",94,94,1,539542.062,89005.727,3277616,442770,151763419136,46302.988,8433.461,49487,10538,60641,560.404,510.347,8.519,113.1,57.584,112.447,566.536,524.352,8.52,306,14,1,444,1003,16,410459,3877,406582,0.753568680990065,"48 tentacle tip 2.txt",94,200362,0.37135566272125,161,30,9,0.186335403726708,131,19.9717422663302,0.000298401202314418,10.0282577336698,200362,0.0611304069787309,2166,1801,1959,365,268.688159930877,0.00401451555411819,96.3118400691234,141.02825773367,5.7485029256882,1897.31184006912,39.4121899090826,0.124048088610746,"True","True",152,207,0.0620240443053732,9.98587113316508,151.014128866835,134.344079965438,2031.65592003456,0.103767806843796,41.8920655050275
"95","48 tentacle tip 3.txt",95,95,1,581135.438,93170.805,3530288,446588,166235652096,47088.41,7815.593,49820,11118,60451,577.622,518.532,8.954,111.124,56.287,109.285,586.943,526.505,9.037,214,61,1,739,873,17,374471,2296,372175,0.64042730087302,"48 tentacle tip 3.txt",95,165965,0.285587470919301,168,25,14,0.148809523809524,143,17.711132916068,0.00028908923637178,7.28886708393196,165965,0.0470117452173874,2047,1752,1880,295,215.801720709472,0.00352241468364901,79.1982792905281,150.288867083932,3.3531747736042,1831.19827929053,32.4906993707342,0.105423410214691,"False","True",154,167,0.0527117051073454,8.85556645803402,159.144433541966,107.900860354736,1939.09913964526,3.15483466916114,34.1708072369376
